version,component,median_ratio,mae,mae_0deg,mae_30deg,mae_60deg,ratio_440,ratio_490,ratio_555,ratio_670,frac_nan
published (table),a,1.0246,0.0194,0.0303,0.0235,0.0044,1.0204,1.0188,1.0225,1.0252,0.0079
published (table),bb,1.0115,0.055,0.042,0.0534,0.0694,1.0461,1.0429,1.0191,0.9567,0.0079
published (table),a_nw,1.033,0.0507,0.0766,0.0583,0.0177,1.0271,1.0419,1.1216,1.1696,0.0194
published (table),bb_p,1.0226,0.1057,0.0828,0.1101,0.1241,1.129,1.1059,1.0337,0.926,0.0079
refit (table),a,0.9993,0.002,0.0024,0.0025,0.0012,1.0002,0.9995,0.9991,0.9991,0.0079
refit (table),bb,1.0016,0.0058,0.0058,0.0071,0.0044,0.9989,0.9981,1.0019,1.0025,0.0079
refit (table),a_nw,0.9995,0.0063,0.0092,0.0058,0.0038,1.0003,0.999,0.9952,0.9876,0.0194
refit (table),bb_p,1.0029,0.0117,0.0115,0.0143,0.0091,0.9969,0.9956,1.0037,1.0039,0.0079
refit (smooth),a,0.9994,0.002,0.0023,0.0026,0.001,1.0003,0.9998,0.9993,0.9992,0.0062
refit (smooth),bb,0.9995,0.0049,0.0053,0.0053,0.0042,0.9989,0.9981,1.0014,0.9988,0.0062
refit (smooth),a_nw,1.0001,0.0061,0.0085,0.0063,0.0034,1.0004,0.9995,0.9997,0.9928,0.0152
refit (smooth),bb_p,0.9991,0.0115,0.0117,0.0127,0.0102,0.9968,0.9955,1.0029,0.9982,0.0062
