table,muw_basis,eta_degree,test_mae,test_median_ratio,interp_30_mae,extrap_60_mae
a,inv,1,0.0029,0.9992,0.0042,0.0128
bb,inv,1,0.0108,0.9995,0.0175,0.0775
a,inv,2,0.002,0.9994,0.0039,0.0126
bb,inv,2,0.0076,0.9985,0.0159,0.0773
a,inv,3,0.0019,0.9994,0.0039,0.0126
bb,inv,3,0.0073,0.9985,0.0159,0.0771
a,inv,4,0.0019,0.9994,0.0039,0.0126
bb,inv,4,0.0072,0.9985,0.0159,0.0771
a,lin,1,0.0047,1.0017,0.0098,0.0272
bb,lin,1,0.009,1.0001,0.0106,0.0259
a,lin,2,0.0043,1.0022,0.0096,0.0272
bb,lin,2,0.0049,0.9995,0.007,0.0254
a,lin,3,0.0042,1.0022,0.0096,0.0273
bb,lin,3,0.0045,0.9996,0.007,0.0252
a,lin,4,0.0042,1.0022,0.0096,0.0273
bb,lin,4,0.0044,0.9997,0.007,0.0252
a,const,1,0.0851,0.9807,0.0293,0.2035
bb,const,1,0.0727,0.9686,0.0472,0.1534
a,const,2,0.0851,0.9807,0.0293,0.2035
bb,const,2,0.0726,0.9684,0.0469,0.1539
a,const,3,0.085,0.9807,0.0293,0.2035
bb,const,3,0.0726,0.9689,0.0468,0.1539
a,const,4,0.085,0.9808,0.0293,0.2035
bb,const,4,0.0726,0.9689,0.0468,0.1539
