network,band,Q1,Q2,Q3,Q4,Q5,alpha,beta_over_median_kd,kd_range
MODIS_v1.1,440,1.193,1.149,1.127,1.125,1.171,1.185,-0.039,0.020-1.086
MODIS_v1.1,490,1.231,1.19,1.172,1.163,1.17,1.158,0.031,0.020-0.640
MODIS_v1.1,555,1.03,1.015,1.01,1.008,1.068,1.274,-0.254,0.064-0.347
MODIS_v1.3,440,1.029,1.006,0.987,0.97,0.948,0.932,0.062,0.020-1.086
MODIS_v1.3,490,1.217,1.17,1.143,1.114,1.028,0.926,0.229,0.020-0.640
MODIS_v1.3,555,1.014,0.988,0.971,0.956,0.949,0.792,0.191,0.064-0.347
PACE_v2.3,440,1.038,1.026,1.016,1.008,0.982,0.955,0.06,0.020-1.086
PACE_v2.3,490,1.038,1.018,1.004,0.99,0.949,0.89,0.115,0.020-0.640
PACE_v2.3,555,0.976,0.973,0.97,0.971,0.957,0.905,0.067,0.064-0.347
