X,theta_s,network,440,490,555,670
1,0,MODIS_v1.1,1.091,1.127,0.989,1.039
1,30,MODIS_v1.1,1.087,1.131,0.998,1.044
1,60,MODIS_v1.1,1.082,1.128,0.995,1.019
2,0,MODIS_v1.1,1.15,1.187,1.019,1.036
2,30,MODIS_v1.1,1.126,1.174,1.02,1.041
2,60,MODIS_v1.1,1.127,1.177,1.02,1.018
4,0,MODIS_v1.1,1.152,1.189,1.019,1.037
4,30,MODIS_v1.1,1.129,1.176,1.02,1.042
4,60,MODIS_v1.1,1.129,1.179,1.02,1.019
1,0,MODIS_v1.3,0.948,1.11,0.975,0.972
1,30,MODIS_v1.3,0.926,1.092,0.989,0.971
1,60,MODIS_v1.3,0.914,1.069,1.0,0.934
2,0,MODIS_v1.3,0.993,1.153,0.979,0.964
2,30,MODIS_v1.3,0.958,1.123,0.992,0.965
2,60,MODIS_v1.3,0.948,1.103,1.007,0.93
4,0,MODIS_v1.3,0.994,1.153,0.98,0.966
4,30,MODIS_v1.3,0.959,1.124,0.993,0.966
4,60,MODIS_v1.3,0.949,1.104,1.007,0.931
1,0,PACE_v2.3,0.967,0.973,0.962,0.977
1,30,PACE_v2.3,0.978,0.981,0.957,0.986
1,60,PACE_v2.3,0.974,0.966,0.957,0.988
2,0,PACE_v2.3,1.017,1.006,0.971,0.981
2,30,PACE_v2.3,1.013,1.002,0.962,0.989
2,60,PACE_v2.3,1.016,0.998,0.967,0.988
4,0,PACE_v2.3,1.017,1.006,0.971,0.982
4,30,PACE_v2.3,1.012,1.001,0.962,0.989
4,60,PACE_v2.3,1.016,0.997,0.967,0.988
