network,band,train_log10kd_mean,train_log10kd_std,train_kd_geomean,l23_kd_median,z_median,frac_below_2sd
MODIS_v1.1,440,-0.456,0.481,0.35,0.035,-2.08,0.573
MODIS_v1.1,490,-0.456,0.481,0.35,0.0322,-2.15,0.696
MODIS_v1.1,555,-0.456,0.481,0.35,0.0696,-1.46,0.0
MODIS_v1.3,440,-0.754,0.488,0.176,0.035,-1.44,0.0
MODIS_v1.3,490,-0.754,0.488,0.176,0.0322,-1.51,0.0
MODIS_v1.3,555,-0.754,0.488,0.176,0.0696,-0.83,0.0
PACE_v2.3,440,-0.755,0.489,0.176,0.035,-1.43,0.0
PACE_v2.3,490,-0.755,0.489,0.176,0.0322,-1.51,0.0
PACE_v2.3,555,-0.755,0.489,0.176,0.0696,-0.82,0.0
