X,Y,network,wavelength,p16,median,p84,n
4,0,MODIS_v1.1,400.0,1.0711,1.1672,1.3199,3207
4,0,MODIS_v1.1,405.0,1.0846,1.1713,1.3041,3181
4,0,MODIS_v1.1,410.0,1.0961,1.1738,1.2889,3162
4,0,MODIS_v1.1,415.0,1.1065,1.1775,1.2774,3146
4,0,MODIS_v1.1,420.0,1.1182,1.1846,1.2726,3116
4,0,MODIS_v1.1,425.0,1.1207,1.1827,1.2604,3105
4,0,MODIS_v1.1,430.0,1.1228,1.1835,1.2544,3090
4,0,MODIS_v1.1,435.0,1.1163,1.1752,1.2423,3094
4,0,MODIS_v1.1,440.0,1.0976,1.1518,1.2144,3130
4,0,MODIS_v1.1,445.0,1.0832,1.1335,1.1929,3161
4,0,MODIS_v1.1,450.0,1.0566,1.1037,1.1623,3235
4,0,MODIS_v1.1,455.0,1.068,1.1172,1.1762,3232
4,0,MODIS_v1.1,460.0,1.0885,1.141,1.2006,3215
4,0,MODIS_v1.1,465.0,1.1078,1.1637,1.2241,3210
4,0,MODIS_v1.1,470.0,1.1245,1.1843,1.2456,3214
4,0,MODIS_v1.1,475.0,1.1353,1.1962,1.2572,3234
4,0,MODIS_v1.1,480.0,1.1321,1.1889,1.2493,3279
4,0,MODIS_v1.1,485.0,1.141,1.197,1.2567,3308
4,0,MODIS_v1.1,490.0,1.1363,1.189,1.244,3318
4,0,MODIS_v1.1,495.0,1.1108,1.1554,1.205,3320
4,0,MODIS_v1.1,500.0,1.067,1.1044,1.15,3320
4,0,MODIS_v1.1,505.0,0.9741,1.0017,1.0667,3320
4,0,MODIS_v1.1,510.0,0.8626,0.8879,0.975,3320
4,0,MODIS_v1.1,515.0,0.7773,0.8033,0.9008,3320
4,0,MODIS_v1.1,520.0,0.8023,0.8249,0.9148,3320
4,0,MODIS_v1.1,525.0,0.84,0.8597,0.9392,3320
4,0,MODIS_v1.1,530.0,0.8681,0.8862,0.9553,3320
4,0,MODIS_v1.1,535.0,0.9005,0.9189,0.9744,3320
4,0,MODIS_v1.1,540.0,0.9331,0.9521,0.9961,3320
4,0,MODIS_v1.1,545.0,0.9496,0.9688,1.0039,3320
4,0,MODIS_v1.1,550.0,0.951,0.9703,1.0024,3320
4,0,MODIS_v1.1,555.0,0.9977,1.019,1.0514,3320
4,0,MODIS_v1.1,560.0,1.0668,1.0913,1.1275,3320
4,0,MODIS_v1.1,565.0,1.1484,1.1773,1.2169,3320
4,0,MODIS_v1.1,570.0,1.1954,1.2282,1.2703,3320
4,0,MODIS_v1.1,575.0,1.2187,1.2544,1.2975,3320
4,0,MODIS_v1.1,580.0,1.1959,1.2316,1.2741,3320
4,0,MODIS_v1.1,585.0,1.1118,1.1458,1.1841,3320
4,0,MODIS_v1.1,590.0,1.0283,1.0608,1.0942,3320
4,0,MODIS_v1.1,595.0,0.9383,0.9687,0.9981,3320
4,0,MODIS_v1.1,600.0,0.7922,0.8183,0.8416,3320
4,0,MODIS_v1.1,605.0,0.7581,0.7832,0.8038,3320
4,0,MODIS_v1.1,610.0,0.8105,0.8375,0.8574,3320
4,0,MODIS_v1.1,615.0,0.8708,0.8998,0.9193,3320
4,0,MODIS_v1.1,620.0,0.9159,0.9458,0.9645,3320
4,0,MODIS_v1.1,625.0,0.9575,0.988,1.006,3320
4,0,MODIS_v1.1,630.0,0.9952,1.0256,1.0429,3320
4,0,MODIS_v1.1,635.0,1.0257,1.0557,1.0727,3320
4,0,MODIS_v1.1,640.0,1.0537,1.0837,1.1005,3320
4,0,MODIS_v1.1,645.0,1.0662,1.0943,1.1113,3320
4,0,MODIS_v1.1,650.0,1.075,1.1021,1.1198,3320
4,0,MODIS_v1.1,655.0,1.0368,1.0632,1.0808,3320
4,0,MODIS_v1.1,660.0,0.9851,1.0108,1.0282,3320
4,0,MODIS_v1.1,665.0,0.9851,1.013,1.0314,3320
4,0,MODIS_v1.1,670.0,1.0067,1.0372,1.0576,3320
4,0,MODIS_v1.1,675.0,1.032,1.0658,1.0891,3320
4,0,MODIS_v1.1,680.0,1.0423,1.0786,1.1045,3320
4,0,MODIS_v1.1,685.0,1.0476,1.0852,1.1137,3320
4,0,MODIS_v1.1,690.0,1.0362,1.0755,1.1056,3320
4,0,MODIS_v1.1,695.0,1.0026,1.0436,1.0752,3320
4,0,MODIS_v1.1,700.0,0.9414,0.9826,1.0149,3320
4,0,MODIS_v1.1,705.0,0.8735,0.9154,0.9482,3320
4,0,MODIS_v1.1,710.0,0.7782,0.8192,0.8508,3320
4,0,MODIS_v1.1,715.0,0.6683,0.7075,0.7373,3320
4,0,MODIS_v1.1,720.0,0.5721,0.6093,0.6366,3320
4,0,MODIS_v1.1,725.0,0.4942,0.5304,0.5558,3320
4,0,MODIS_v1.1,730.0,0.3909,0.4223,0.4437,3320
4,0,MODIS_v1.1,735.0,0.3209,0.3492,0.3679,3320
4,0,MODIS_v1.1,740.0,0.3032,0.3322,0.3511,3320
4,0,MODIS_v1.1,745.0,0.3116,0.3438,0.3644,3320
4,0,MODIS_v1.1,750.0,0.3239,0.3598,0.3825,3320
4,0,MODIS_v1.3,400.0,0.9992,1.0822,1.1869,3207
4,0,MODIS_v1.3,405.0,0.9958,1.0712,1.1693,3181
4,0,MODIS_v1.3,410.0,0.9883,1.0621,1.15,3162
4,0,MODIS_v1.3,415.0,0.9835,1.0523,1.1329,3146
4,0,MODIS_v1.3,420.0,0.981,1.0473,1.124,3116
4,0,MODIS_v1.3,425.0,0.9729,1.036,1.1067,3105
4,0,MODIS_v1.3,430.0,0.9639,1.0294,1.096,3090
4,0,MODIS_v1.3,435.0,0.9511,1.0169,1.0835,3094
4,0,MODIS_v1.3,440.0,0.9313,0.994,1.0566,3130
4,0,MODIS_v1.3,445.0,0.9187,0.9778,1.0366,3161
4,0,MODIS_v1.3,450.0,0.9007,0.9531,1.0086,3235
4,0,MODIS_v1.3,455.0,0.9128,0.9701,1.0269,3232
4,0,MODIS_v1.3,460.0,0.9332,0.9996,1.0604,3215
4,0,MODIS_v1.3,465.0,0.9546,1.0311,1.0946,3210
4,0,MODIS_v1.3,470.0,0.9779,1.0646,1.1313,3214
4,0,MODIS_v1.3,475.0,1.0006,1.0924,1.1611,3234
4,0,MODIS_v1.3,480.0,1.0147,1.1054,1.1739,3279
4,0,MODIS_v1.3,485.0,1.0397,1.1362,1.2069,3308
4,0,MODIS_v1.3,490.0,1.057,1.153,1.2216,3318
4,0,MODIS_v1.3,495.0,1.0622,1.1447,1.2063,3320
4,0,MODIS_v1.3,500.0,1.0545,1.1194,1.1719,3320
4,0,MODIS_v1.3,505.0,0.9988,1.0414,1.0807,3320
4,0,MODIS_v1.3,510.0,0.9168,0.944,0.9811,3320
4,0,MODIS_v1.3,515.0,0.8488,0.8681,0.911,3320
4,0,MODIS_v1.3,520.0,0.8837,0.9054,0.9388,3320
4,0,MODIS_v1.3,525.0,0.9267,0.9515,0.9777,3320
4,0,MODIS_v1.3,530.0,0.9533,0.9804,1.0061,3320
4,0,MODIS_v1.3,535.0,0.9767,1.0062,1.0333,3320
4,0,MODIS_v1.3,540.0,0.9912,1.0229,1.0522,3320
4,0,MODIS_v1.3,545.0,0.9799,1.0126,1.0421,3320
4,0,MODIS_v1.3,550.0,0.9464,0.9772,1.0057,3320
4,0,MODIS_v1.3,555.0,0.9471,0.9796,1.0102,3320
4,0,MODIS_v1.3,560.0,0.9611,0.9964,1.0299,3320
4,0,MODIS_v1.3,565.0,0.9819,1.0209,1.0582,3320
4,0,MODIS_v1.3,570.0,0.982,1.0212,1.0601,3320
4,0,MODIS_v1.3,575.0,0.9812,1.0217,1.0613,3320
4,0,MODIS_v1.3,580.0,0.9754,1.0164,1.055,3320
4,0,MODIS_v1.3,585.0,0.956,0.9975,1.0334,3320
4,0,MODIS_v1.3,590.0,0.9627,1.0054,1.0399,3320
4,0,MODIS_v1.3,595.0,0.968,1.0102,1.0425,3320
4,0,MODIS_v1.3,600.0,0.8857,0.9214,0.948,3320
4,0,MODIS_v1.3,605.0,0.8841,0.9163,0.94,3320
4,0,MODIS_v1.3,610.0,0.949,0.9798,1.0029,3320
4,0,MODIS_v1.3,615.0,0.994,1.0246,1.0477,3320
4,0,MODIS_v1.3,620.0,1.0023,1.032,1.055,3320
4,0,MODIS_v1.3,625.0,1.0,1.0287,1.0512,3320
4,0,MODIS_v1.3,630.0,0.993,1.0222,1.0442,3320
4,0,MODIS_v1.3,635.0,0.9848,1.0138,1.0355,3320
4,0,MODIS_v1.3,640.0,0.9821,1.0114,1.0323,3320
4,0,MODIS_v1.3,645.0,0.9731,1.002,1.0232,3320
4,0,MODIS_v1.3,650.0,0.9705,0.9989,1.0202,3320
4,0,MODIS_v1.3,655.0,0.9331,0.9616,0.9825,3320
4,0,MODIS_v1.3,660.0,0.889,0.9181,0.94,3320
4,0,MODIS_v1.3,665.0,0.8958,0.9293,0.9545,3320
4,0,MODIS_v1.3,670.0,0.9252,0.9658,0.9957,3320
4,0,MODIS_v1.3,675.0,0.9634,1.0114,1.046,3320
4,0,MODIS_v1.3,680.0,0.9913,1.0457,1.0849,3320
4,0,MODIS_v1.3,685.0,1.0161,1.0773,1.1199,3320
4,0,MODIS_v1.3,690.0,1.0248,1.0929,1.14,3320
4,0,MODIS_v1.3,695.0,1.0114,1.086,1.1368,3320
4,0,MODIS_v1.3,700.0,0.9675,1.0472,1.0996,3320
4,0,MODIS_v1.3,705.0,0.9157,0.9977,1.0512,3320
4,0,MODIS_v1.3,710.0,0.8316,0.9107,0.9641,3320
4,0,MODIS_v1.3,715.0,0.7276,0.8009,0.8515,3320
4,0,MODIS_v1.3,720.0,0.6331,0.7005,0.7481,3320
4,0,MODIS_v1.3,725.0,0.556,0.6186,0.6632,3320
4,0,MODIS_v1.3,730.0,0.4461,0.4984,0.5363,3320
4,0,MODIS_v1.3,735.0,0.3708,0.4162,0.4492,3320
4,0,MODIS_v1.3,740.0,0.354,0.3988,0.432,3320
4,0,MODIS_v1.3,745.0,0.3665,0.4149,0.4508,3320
4,0,MODIS_v1.3,750.0,0.3832,0.4354,0.4744,3320
4,0,PACE_v2.3,400.0,0.9422,1.0079,1.079,3207
4,0,PACE_v2.3,405.0,0.9452,1.005,1.0693,3181
4,0,PACE_v2.3,410.0,0.9497,1.0025,1.0604,3162
4,0,PACE_v2.3,415.0,0.958,1.0051,1.0572,3146
4,0,PACE_v2.3,420.0,0.9688,1.0142,1.0606,3116
4,0,PACE_v2.3,425.0,0.9746,1.0176,1.0599,3105
4,0,PACE_v2.3,430.0,0.9818,1.0252,1.0646,3090
4,0,PACE_v2.3,435.0,0.9828,1.0273,1.0663,3094
4,0,PACE_v2.3,440.0,0.9741,1.0167,1.0521,3130
4,0,PACE_v2.3,445.0,0.9687,1.0083,1.0431,3161
4,0,PACE_v2.3,450.0,0.9508,0.9865,1.0211,3235
4,0,PACE_v2.3,455.0,0.9628,1.0012,1.0359,3232
4,0,PACE_v2.3,460.0,0.9775,1.0202,1.0554,3215
4,0,PACE_v2.3,465.0,0.9832,1.0317,1.0682,3210
4,0,PACE_v2.3,470.0,0.9815,1.0343,1.0721,3214
4,0,PACE_v2.3,475.0,0.9721,1.0245,1.0625,3234
4,0,PACE_v2.3,480.0,0.9506,0.9996,1.0348,3279
4,0,PACE_v2.3,485.0,0.9494,0.9983,1.0348,3308
4,0,PACE_v2.3,490.0,0.9571,1.0057,1.0416,3318
4,0,PACE_v2.3,495.0,0.9748,1.0196,1.0517,3320
4,0,PACE_v2.3,500.0,1.0042,1.0456,1.0733,3320
4,0,PACE_v2.3,505.0,1.0043,1.0341,1.0565,3320
4,0,PACE_v2.3,510.0,0.9689,0.9891,1.0099,3320
4,0,PACE_v2.3,515.0,0.9237,0.9403,0.9616,3320
4,0,PACE_v2.3,520.0,0.964,0.984,1.0045,3320
4,0,PACE_v2.3,525.0,0.9952,1.019,1.0406,3320
4,0,PACE_v2.3,530.0,1.0015,1.0267,1.0486,3320
4,0,PACE_v2.3,535.0,1.0034,1.0298,1.0513,3320
4,0,PACE_v2.3,540.0,1.0016,1.0279,1.0478,3320
4,0,PACE_v2.3,545.0,0.9822,1.0052,1.0228,3320
4,0,PACE_v2.3,550.0,0.9478,0.9659,0.9806,3320
4,0,PACE_v2.3,555.0,0.9538,0.9712,0.9854,3320
4,0,PACE_v2.3,560.0,0.9782,0.9953,1.0093,3320
4,0,PACE_v2.3,565.0,1.0099,1.0278,1.0419,3320
4,0,PACE_v2.3,570.0,1.014,1.0304,1.0438,3320
4,0,PACE_v2.3,575.0,1.008,1.0234,1.0353,3320
4,0,PACE_v2.3,580.0,0.9893,1.0026,1.0117,3320
4,0,PACE_v2.3,585.0,0.9637,0.9749,0.9811,3320
4,0,PACE_v2.3,590.0,0.9913,1.0023,1.0088,3320
4,0,PACE_v2.3,595.0,1.0413,1.0522,1.0597,3320
4,0,PACE_v2.3,600.0,0.9825,0.9898,0.995,3320
4,0,PACE_v2.3,605.0,0.9708,0.9782,0.9826,3320
4,0,PACE_v2.3,610.0,1.0045,1.0129,1.0186,3320
4,0,PACE_v2.3,615.0,1.0158,1.0241,1.0305,3320
4,0,PACE_v2.3,620.0,1.0019,1.0096,1.0159,3320
4,0,PACE_v2.3,625.0,0.9917,0.9988,1.0049,3320
4,0,PACE_v2.3,630.0,0.9897,0.9962,1.0021,3320
4,0,PACE_v2.3,635.0,0.9928,0.9988,1.0044,3320
4,0,PACE_v2.3,640.0,1.0038,1.0099,1.0155,3320
4,0,PACE_v2.3,645.0,1.0073,1.0132,1.019,3320
4,0,PACE_v2.3,650.0,1.0143,1.02,1.0259,3320
4,0,PACE_v2.3,655.0,0.9816,0.9871,0.9931,3320
4,0,PACE_v2.3,660.0,0.9386,0.9436,0.9493,3320
4,0,PACE_v2.3,665.0,0.9468,0.952,0.9575,3320
4,0,PACE_v2.3,670.0,0.9757,0.9817,0.9874,3320
4,0,PACE_v2.3,675.0,1.0087,1.0155,1.0217,3320
4,0,PACE_v2.3,680.0,1.0269,1.0333,1.04,3320
4,0,PACE_v2.3,685.0,1.0381,1.0438,1.0512,3320
4,0,PACE_v2.3,690.0,1.0311,1.0364,1.0451,3320
4,0,PACE_v2.3,695.0,1.001,1.0063,1.0159,3320
4,0,PACE_v2.3,700.0,0.9414,0.9465,0.9562,3320
4,0,PACE_v2.3,705.0,0.8745,0.8793,0.8891,3320
4,0,PACE_v2.3,710.0,0.7791,0.7835,0.7927,3320
4,0,PACE_v2.3,715.0,0.6687,0.6724,0.6807,3320
4,0,PACE_v2.3,720.0,0.571,0.5741,0.5815,3320
4,0,PACE_v2.3,725.0,0.492,0.4947,0.5013,3320
4,0,PACE_v2.3,730.0,0.3872,0.3894,0.3946,3320
4,0,PACE_v2.3,735.0,0.3159,0.3178,0.322,3320
4,0,PACE_v2.3,740.0,0.2962,0.2979,0.302,3320
4,0,PACE_v2.3,745.0,0.3018,0.3035,0.3077,3320
4,0,PACE_v2.3,750.0,0.3104,0.3122,0.3166,3320
4,30,MODIS_v1.1,400.0,1.0388,1.1325,1.2856,3242
4,30,MODIS_v1.1,405.0,1.0538,1.138,1.2698,3229
4,30,MODIS_v1.1,410.0,1.0662,1.1427,1.256,3216
4,30,MODIS_v1.1,415.0,1.0772,1.1472,1.2441,3196
4,30,MODIS_v1.1,420.0,1.091,1.1554,1.2424,3170
4,30,MODIS_v1.1,425.0,1.0955,1.1551,1.2312,3164
4,30,MODIS_v1.1,430.0,1.1002,1.1567,1.2276,3154
4,30,MODIS_v1.1,435.0,1.0949,1.1504,1.2159,3155
4,30,MODIS_v1.1,440.0,1.0777,1.1287,1.1909,3192
4,30,MODIS_v1.1,445.0,1.064,1.1115,1.1716,3233
4,30,MODIS_v1.1,450.0,1.0377,1.0821,1.1415,3279
4,30,MODIS_v1.1,455.0,1.0511,1.0967,1.1547,3280
4,30,MODIS_v1.1,460.0,1.0729,1.1214,1.1808,3271
4,30,MODIS_v1.1,465.0,1.0934,1.145,1.2056,3269
4,30,MODIS_v1.1,470.0,1.111,1.1676,1.2283,3272
4,30,MODIS_v1.1,475.0,1.1225,1.181,1.2411,3291
4,30,MODIS_v1.1,480.0,1.12,1.1743,1.231,3317
4,30,MODIS_v1.1,485.0,1.1292,1.1832,1.2381,3318
4,30,MODIS_v1.1,490.0,1.1253,1.1758,1.2279,3320
4,30,MODIS_v1.1,495.0,1.1005,1.143,1.19,3320
4,30,MODIS_v1.1,500.0,1.0572,1.0934,1.1387,3320
4,30,MODIS_v1.1,505.0,0.9645,0.9924,1.0602,3320
4,30,MODIS_v1.1,510.0,0.8534,0.8816,0.9717,3320
4,30,MODIS_v1.1,515.0,0.77,0.7993,0.8975,3320
4,30,MODIS_v1.1,520.0,0.7955,0.8215,0.9127,3320
4,30,MODIS_v1.1,525.0,0.8342,0.8572,0.939,3320
4,30,MODIS_v1.1,530.0,0.863,0.884,0.9549,3320
4,30,MODIS_v1.1,535.0,0.8966,0.9167,0.9756,3320
4,30,MODIS_v1.1,540.0,0.93,0.951,0.9986,3320
4,30,MODIS_v1.1,545.0,0.9471,0.9687,1.007,3320
4,30,MODIS_v1.1,550.0,0.9488,0.9714,1.0053,3320
4,30,MODIS_v1.1,555.0,0.9959,1.0201,1.0543,3320
4,30,MODIS_v1.1,560.0,1.0657,1.0935,1.1298,3320
4,30,MODIS_v1.1,565.0,1.1472,1.1793,1.2205,3320
4,30,MODIS_v1.1,570.0,1.195,1.231,1.274,3320
4,30,MODIS_v1.1,575.0,1.2182,1.2568,1.3024,3320
4,30,MODIS_v1.1,580.0,1.1953,1.234,1.279,3320
4,30,MODIS_v1.1,585.0,1.1108,1.1481,1.1881,3320
4,30,MODIS_v1.1,590.0,1.0278,1.0631,1.0981,3320
4,30,MODIS_v1.1,595.0,0.9378,0.9706,1.0013,3320
4,30,MODIS_v1.1,600.0,0.7915,0.8198,0.8441,3320
4,30,MODIS_v1.1,605.0,0.7573,0.7849,0.8056,3320
4,30,MODIS_v1.1,610.0,0.8097,0.8389,0.8595,3320
4,30,MODIS_v1.1,615.0,0.8704,0.9014,0.9216,3320
4,30,MODIS_v1.1,620.0,0.9155,0.9476,0.9673,3320
4,30,MODIS_v1.1,625.0,0.9575,0.9897,1.0087,3320
4,30,MODIS_v1.1,630.0,0.9955,1.0278,1.0459,3320
4,30,MODIS_v1.1,635.0,1.0264,1.0583,1.0758,3320
4,30,MODIS_v1.1,640.0,1.0551,1.0868,1.1039,3320
4,30,MODIS_v1.1,645.0,1.0672,1.0979,1.1149,3320
4,30,MODIS_v1.1,650.0,1.0767,1.1058,1.124,3320
4,30,MODIS_v1.1,655.0,1.039,1.0671,1.0851,3320
4,30,MODIS_v1.1,660.0,0.9879,1.0148,1.0329,3320
4,30,MODIS_v1.1,665.0,0.9884,1.0175,1.0365,3320
4,30,MODIS_v1.1,670.0,1.0094,1.042,1.0634,3320
4,30,MODIS_v1.1,675.0,1.0357,1.0707,1.0956,3320
4,30,MODIS_v1.1,680.0,1.0466,1.084,1.1117,3320
4,30,MODIS_v1.1,685.0,1.0523,1.0915,1.1217,3320
4,30,MODIS_v1.1,690.0,1.0411,1.082,1.1143,3320
4,30,MODIS_v1.1,695.0,1.0076,1.0502,1.0849,3320
4,30,MODIS_v1.1,700.0,0.9462,0.9894,1.0251,3320
4,30,MODIS_v1.1,705.0,0.8772,0.9219,0.9588,3320
4,30,MODIS_v1.1,710.0,0.781,0.826,0.8617,3320
4,30,MODIS_v1.1,715.0,0.671,0.7142,0.7473,3320
4,30,MODIS_v1.1,720.0,0.574,0.6154,0.646,3320
4,30,MODIS_v1.1,725.0,0.4966,0.5358,0.5646,3320
4,30,MODIS_v1.1,730.0,0.393,0.4271,0.4513,3320
4,30,MODIS_v1.1,735.0,0.3228,0.3533,0.3745,3320
4,30,MODIS_v1.1,740.0,0.3051,0.3363,0.3576,3320
4,30,MODIS_v1.1,745.0,0.3136,0.3483,0.3715,3320
4,30,MODIS_v1.1,750.0,0.3264,0.3648,0.3902,3320
4,30,MODIS_v1.3,400.0,0.963,1.041,1.1456,3242
4,30,MODIS_v1.3,405.0,0.9584,1.0309,1.1275,3229
4,30,MODIS_v1.3,410.0,0.9513,1.0219,1.1095,3216
4,30,MODIS_v1.3,415.0,0.9478,1.0138,1.0925,3196
4,30,MODIS_v1.3,420.0,0.9458,1.0085,1.0838,3170
4,30,MODIS_v1.3,425.0,0.9382,0.9982,1.0669,3164
4,30,MODIS_v1.3,430.0,0.9303,0.9928,1.0563,3154
4,30,MODIS_v1.3,435.0,0.9181,0.9812,1.0432,3155
4,30,MODIS_v1.3,440.0,0.9008,0.9592,1.0179,3192
4,30,MODIS_v1.3,445.0,0.8885,0.9439,0.9993,3233
4,30,MODIS_v1.3,450.0,0.8708,0.9201,0.9715,3279
4,30,MODIS_v1.3,455.0,0.8843,0.9373,0.9904,3280
4,30,MODIS_v1.3,460.0,0.9047,0.9666,1.0255,3271
4,30,MODIS_v1.3,465.0,0.9272,0.9986,1.0603,3269
4,30,MODIS_v1.3,470.0,0.9522,1.0328,1.0967,3272
4,30,MODIS_v1.3,475.0,0.9755,1.0614,1.1271,3291
4,30,MODIS_v1.3,480.0,0.991,1.0746,1.1391,3317
4,30,MODIS_v1.3,485.0,1.0166,1.1052,1.171,3318
4,30,MODIS_v1.3,490.0,1.0355,1.1235,1.1869,3320
4,30,MODIS_v1.3,495.0,1.0422,1.118,1.1748,3320
4,30,MODIS_v1.3,500.0,1.0356,1.0952,1.1419,3320
4,30,MODIS_v1.3,505.0,0.9823,1.0204,1.0584,3320
4,30,MODIS_v1.3,510.0,0.9023,0.9263,0.9675,3320
4,30,MODIS_v1.3,515.0,0.8358,0.8548,0.9025,3320
4,30,MODIS_v1.3,520.0,0.8742,0.8926,0.9329,3320
4,30,MODIS_v1.3,525.0,0.9212,0.9422,0.9716,3320
4,30,MODIS_v1.3,530.0,0.9514,0.9745,0.9986,3320
4,30,MODIS_v1.3,535.0,0.9787,1.0043,1.0284,3320
4,30,MODIS_v1.3,540.0,0.9972,1.0252,1.0496,3320
4,30,MODIS_v1.3,545.0,0.99,1.0183,1.0436,3320
4,30,MODIS_v1.3,550.0,0.9593,0.9862,1.0111,3320
4,30,MODIS_v1.3,555.0,0.9634,0.9925,1.0191,3320
4,30,MODIS_v1.3,560.0,0.9807,1.0123,1.0418,3320
4,30,MODIS_v1.3,565.0,1.0041,1.0398,1.073,3320
4,30,MODIS_v1.3,570.0,1.0046,1.0414,1.077,3320
4,30,MODIS_v1.3,575.0,1.0034,1.0424,1.0785,3320
4,30,MODIS_v1.3,580.0,0.9952,1.036,1.0725,3320
4,30,MODIS_v1.3,585.0,0.9732,1.0152,1.0501,3320
4,30,MODIS_v1.3,590.0,0.9779,1.0225,1.0584,3320
4,30,MODIS_v1.3,595.0,0.9827,1.0282,1.0622,3320
4,30,MODIS_v1.3,600.0,0.8995,0.9389,0.9679,3320
4,30,MODIS_v1.3,605.0,0.8989,0.9351,0.9615,3320
4,30,MODIS_v1.3,610.0,0.9653,1.0008,1.0262,3320
4,30,MODIS_v1.3,615.0,1.0111,1.046,1.0703,3320
4,30,MODIS_v1.3,620.0,1.0188,1.0521,1.0762,3320
4,30,MODIS_v1.3,625.0,1.0145,1.0464,1.0701,3320
4,30,MODIS_v1.3,630.0,1.0063,1.0373,1.0603,3320
4,30,MODIS_v1.3,635.0,0.9951,1.0263,1.0491,3320
4,30,MODIS_v1.3,640.0,0.9906,1.0214,1.0436,3320
4,30,MODIS_v1.3,645.0,0.9796,1.0099,1.0315,3320
4,30,MODIS_v1.3,650.0,0.9754,1.0049,1.026,3320
4,30,MODIS_v1.3,655.0,0.9374,0.9655,0.9864,3320
4,30,MODIS_v1.3,660.0,0.893,0.921,0.9419,3320
4,30,MODIS_v1.3,665.0,0.8992,0.9309,0.9545,3320
4,30,MODIS_v1.3,670.0,0.9293,0.9663,0.9941,3320
4,30,MODIS_v1.3,675.0,0.967,1.0107,1.0433,3320
4,30,MODIS_v1.3,680.0,0.9947,1.0445,1.0813,3320
4,30,MODIS_v1.3,685.0,1.0197,1.0753,1.1156,3320
4,30,MODIS_v1.3,690.0,1.0297,1.0906,1.1344,3320
4,30,MODIS_v1.3,695.0,1.0167,1.0836,1.1309,3320
4,30,MODIS_v1.3,700.0,0.9728,1.0441,1.093,3320
4,30,MODIS_v1.3,705.0,0.9198,0.9943,1.0447,3320
4,30,MODIS_v1.3,710.0,0.8349,0.9074,0.9577,3320
4,30,MODIS_v1.3,715.0,0.7307,0.7982,0.8459,3320
4,30,MODIS_v1.3,720.0,0.6361,0.6984,0.7428,3320
4,30,MODIS_v1.3,725.0,0.5586,0.6165,0.6582,3320
4,30,MODIS_v1.3,730.0,0.4477,0.4967,0.5319,3320
4,30,MODIS_v1.3,735.0,0.3718,0.4145,0.4454,3320
4,30,MODIS_v1.3,740.0,0.3547,0.3969,0.4281,3320
4,30,MODIS_v1.3,745.0,0.367,0.4128,0.4465,3320
4,30,MODIS_v1.3,750.0,0.383,0.4329,0.4695,3320
4,30,PACE_v2.3,400.0,0.9599,1.0226,1.0931,3242
4,30,PACE_v2.3,405.0,0.9602,1.0164,1.0799,3229
4,30,PACE_v2.3,410.0,0.9603,1.0119,1.068,3216
4,30,PACE_v2.3,415.0,0.966,1.0115,1.0615,3196
4,30,PACE_v2.3,420.0,0.9756,1.0176,1.0619,3170
4,30,PACE_v2.3,425.0,0.9801,1.0183,1.0576,3164
4,30,PACE_v2.3,430.0,0.986,1.0242,1.06,3154
4,30,PACE_v2.3,435.0,0.9858,1.0248,1.0584,3155
4,30,PACE_v2.3,440.0,0.9763,1.0124,1.0437,3192
4,30,PACE_v2.3,445.0,0.969,1.0034,1.0343,3233
4,30,PACE_v2.3,450.0,0.9472,0.9796,1.0151,3279
4,30,PACE_v2.3,455.0,0.9607,0.9942,1.0287,3280
4,30,PACE_v2.3,460.0,0.9779,1.0139,1.0465,3271
4,30,PACE_v2.3,465.0,0.9857,1.0254,1.0577,3269
4,30,PACE_v2.3,470.0,0.9854,1.0281,1.0606,3272
4,30,PACE_v2.3,475.0,0.9757,1.0183,1.05,3291
4,30,PACE_v2.3,480.0,0.9539,0.9931,1.0226,3317
4,30,PACE_v2.3,485.0,0.954,0.9927,1.0221,3318
4,30,PACE_v2.3,490.0,0.9638,1.0015,1.0292,3320
4,30,PACE_v2.3,495.0,0.9837,1.0179,1.0432,3320
4,30,PACE_v2.3,500.0,1.0149,1.0457,1.0693,3320
4,30,PACE_v2.3,505.0,1.0122,1.0352,1.0574,3320
4,30,PACE_v2.3,510.0,0.973,0.9914,1.0155,3320
4,30,PACE_v2.3,515.0,0.9256,0.9425,0.9679,3320
4,30,PACE_v2.3,520.0,0.9672,0.9845,1.005,3320
4,30,PACE_v2.3,525.0,0.9989,1.0184,1.0381,3320
4,30,PACE_v2.3,530.0,1.0035,1.0244,1.0442,3320
4,30,PACE_v2.3,535.0,1.0047,1.0258,1.0454,3320
4,30,PACE_v2.3,540.0,1.0015,1.0222,1.0404,3320
4,30,PACE_v2.3,545.0,0.9801,0.998,1.0144,3320
4,30,PACE_v2.3,550.0,0.9433,0.9579,0.9727,3320
4,30,PACE_v2.3,555.0,0.9486,0.9621,0.9767,3320
4,30,PACE_v2.3,560.0,0.9721,0.9855,0.9998,3320
4,30,PACE_v2.3,565.0,1.0041,1.0181,1.0319,3320
4,30,PACE_v2.3,570.0,1.0086,1.0217,1.0344,3320
4,30,PACE_v2.3,575.0,1.0039,1.016,1.0272,3320
4,30,PACE_v2.3,580.0,0.986,0.9961,1.0048,3320
4,30,PACE_v2.3,585.0,0.9602,0.9684,0.9752,3320
4,30,PACE_v2.3,590.0,0.9848,0.9937,1.0018,3320
4,30,PACE_v2.3,595.0,1.0331,1.0425,1.0519,3320
4,30,PACE_v2.3,600.0,0.9757,0.9828,0.9901,3320
4,30,PACE_v2.3,605.0,0.9683,0.9742,0.9794,3320
4,30,PACE_v2.3,610.0,1.0044,1.0107,1.0156,3320
4,30,PACE_v2.3,615.0,1.0161,1.0224,1.0272,3320
4,30,PACE_v2.3,620.0,1.0021,1.008,1.0124,3320
4,30,PACE_v2.3,625.0,0.9922,0.9975,1.0017,3320
4,30,PACE_v2.3,630.0,0.9905,0.9957,0.9998,3320
4,30,PACE_v2.3,635.0,0.994,0.9993,1.0035,3320
4,30,PACE_v2.3,640.0,1.0063,1.0117,1.0162,3320
4,30,PACE_v2.3,645.0,1.0112,1.0166,1.0216,3320
4,30,PACE_v2.3,650.0,1.0194,1.0248,1.0301,3320
4,30,PACE_v2.3,655.0,0.9877,0.9929,0.9984,3320
4,30,PACE_v2.3,660.0,0.9451,0.9502,0.9557,3320
4,30,PACE_v2.3,665.0,0.9539,0.9591,0.9647,3320
4,30,PACE_v2.3,670.0,0.983,0.9894,0.9954,3320
4,30,PACE_v2.3,675.0,1.0162,1.0234,1.0299,3320
4,30,PACE_v2.3,680.0,1.0343,1.0409,1.0477,3320
4,30,PACE_v2.3,685.0,1.0448,1.0505,1.058,3320
4,30,PACE_v2.3,690.0,1.0362,1.0416,1.0503,3320
4,30,PACE_v2.3,695.0,1.0043,1.0095,1.0188,3320
4,30,PACE_v2.3,700.0,0.9423,0.9473,0.9566,3320
4,30,PACE_v2.3,705.0,0.873,0.8777,0.8868,3320
4,30,PACE_v2.3,710.0,0.7753,0.7795,0.7879,3320
4,30,PACE_v2.3,715.0,0.6631,0.6666,0.6741,3320
4,30,PACE_v2.3,720.0,0.5639,0.5669,0.5734,3320
4,30,PACE_v2.3,725.0,0.4837,0.4863,0.492,3320
4,30,PACE_v2.3,730.0,0.3788,0.3808,0.3853,3320
4,30,PACE_v2.3,735.0,0.3075,0.3091,0.3127,3320
4,30,PACE_v2.3,740.0,0.2867,0.2881,0.2915,3320
4,30,PACE_v2.3,745.0,0.2903,0.2918,0.2951,3320
4,30,PACE_v2.3,750.0,0.2967,0.2982,0.3016,3320
4,60,MODIS_v1.1,400.0,1.0433,1.1349,1.2702,3288
4,60,MODIS_v1.1,405.0,1.058,1.1407,1.2592,3284
4,60,MODIS_v1.1,410.0,1.0681,1.1447,1.249,3277
4,60,MODIS_v1.1,415.0,1.0793,1.1489,1.2411,3269
4,60,MODIS_v1.1,420.0,1.0912,1.1577,1.2432,3262
4,60,MODIS_v1.1,425.0,1.0963,1.1568,1.2334,3260
4,60,MODIS_v1.1,430.0,1.099,1.1588,1.2325,3256
4,60,MODIS_v1.1,435.0,1.0944,1.1514,1.223,3262
4,60,MODIS_v1.1,440.0,1.0762,1.1288,1.1951,3285
4,60,MODIS_v1.1,445.0,1.0632,1.1119,1.1743,3308
4,60,MODIS_v1.1,450.0,1.0377,1.0829,1.1392,3318
4,60,MODIS_v1.1,455.0,1.0514,1.0978,1.1525,3318
4,60,MODIS_v1.1,460.0,1.0724,1.1228,1.1801,3318
4,60,MODIS_v1.1,465.0,1.0905,1.1478,1.2084,3318
4,60,MODIS_v1.1,470.0,1.1084,1.1699,1.2324,3318
4,60,MODIS_v1.1,475.0,1.1202,1.1833,1.2439,3320
4,60,MODIS_v1.1,480.0,1.1182,1.1768,1.2328,3320
4,60,MODIS_v1.1,485.0,1.1281,1.1858,1.2397,3320
4,60,MODIS_v1.1,490.0,1.1256,1.1786,1.2296,3320
4,60,MODIS_v1.1,495.0,1.1012,1.1462,1.1911,3320
4,60,MODIS_v1.1,500.0,1.06,1.0964,1.1402,3320
4,60,MODIS_v1.1,505.0,0.9667,0.9959,1.0611,3320
4,60,MODIS_v1.1,510.0,0.8541,0.8876,0.9705,3320
4,60,MODIS_v1.1,515.0,0.7712,0.8045,0.8972,3320
4,60,MODIS_v1.1,520.0,0.7965,0.8271,0.9131,3320
4,60,MODIS_v1.1,525.0,0.8351,0.8628,0.9391,3320
4,60,MODIS_v1.1,530.0,0.8642,0.8884,0.9562,3320
4,60,MODIS_v1.1,535.0,0.8978,0.92,0.9773,3320
4,60,MODIS_v1.1,540.0,0.9313,0.9535,1.001,3320
4,60,MODIS_v1.1,545.0,0.9471,0.971,1.0113,3320
4,60,MODIS_v1.1,550.0,0.9479,0.9726,1.0085,3320
4,60,MODIS_v1.1,555.0,0.9938,1.0202,1.0526,3320
4,60,MODIS_v1.1,560.0,1.0623,1.0919,1.126,3320
4,60,MODIS_v1.1,565.0,1.1413,1.1765,1.2139,3320
4,60,MODIS_v1.1,570.0,1.1869,1.225,1.2658,3320
4,60,MODIS_v1.1,575.0,1.2083,1.2486,1.2914,3320
4,60,MODIS_v1.1,580.0,1.183,1.2241,1.266,3320
4,60,MODIS_v1.1,585.0,1.0986,1.1372,1.1747,3320
4,60,MODIS_v1.1,590.0,1.015,1.0513,1.0842,3320
4,60,MODIS_v1.1,595.0,0.9256,0.959,0.9872,3320
4,60,MODIS_v1.1,600.0,0.7807,0.8095,0.8305,3320
4,60,MODIS_v1.1,605.0,0.7465,0.7741,0.7928,3320
4,60,MODIS_v1.1,610.0,0.7978,0.8269,0.8459,3320
4,60,MODIS_v1.1,615.0,0.857,0.8878,0.9073,3320
4,60,MODIS_v1.1,620.0,0.9009,0.9323,0.9519,3320
4,60,MODIS_v1.1,625.0,0.9415,0.9733,0.9923,3320
4,60,MODIS_v1.1,630.0,0.9782,1.0101,1.0283,3320
4,60,MODIS_v1.1,635.0,1.0086,1.0395,1.0567,3320
4,60,MODIS_v1.1,640.0,1.0361,1.0666,1.0831,3320
4,60,MODIS_v1.1,645.0,1.0478,1.0771,1.0929,3320
4,60,MODIS_v1.1,650.0,1.0556,1.0843,1.1004,3320
4,60,MODIS_v1.1,655.0,1.0187,1.0454,1.0614,3320
4,60,MODIS_v1.1,660.0,0.9677,0.9935,1.01,3320
4,60,MODIS_v1.1,665.0,0.9673,0.9955,1.0128,3320
4,60,MODIS_v1.1,670.0,0.9872,1.0188,1.0386,3320
4,60,MODIS_v1.1,675.0,1.0115,1.0461,1.0698,3320
4,60,MODIS_v1.1,680.0,1.0214,1.0581,1.0853,3320
4,60,MODIS_v1.1,685.0,1.0258,1.0646,1.0943,3320
4,60,MODIS_v1.1,690.0,1.0139,1.055,1.0866,3320
4,60,MODIS_v1.1,695.0,0.9811,1.023,1.0573,3320
4,60,MODIS_v1.1,700.0,0.9196,0.9634,0.9993,3320
4,60,MODIS_v1.1,705.0,0.8524,0.8976,0.9341,3320
4,60,MODIS_v1.1,710.0,0.7586,0.8038,0.8391,3320
4,60,MODIS_v1.1,715.0,0.6516,0.6949,0.7279,3320
4,60,MODIS_v1.1,720.0,0.5577,0.5987,0.629,3320
4,60,MODIS_v1.1,725.0,0.4828,0.5213,0.5495,3320
4,60,MODIS_v1.1,730.0,0.3821,0.4152,0.439,3320
4,60,MODIS_v1.1,735.0,0.3141,0.3436,0.3642,3320
4,60,MODIS_v1.1,740.0,0.2967,0.3269,0.3478,3320
4,60,MODIS_v1.1,745.0,0.3052,0.3384,0.3614,3320
4,60,MODIS_v1.1,750.0,0.3171,0.3542,0.3795,3320
4,60,MODIS_v1.3,400.0,0.9549,1.0436,1.1465,3288
4,60,MODIS_v1.3,405.0,0.9513,1.0318,1.1277,3284
4,60,MODIS_v1.3,410.0,0.9439,1.0197,1.1072,3277
4,60,MODIS_v1.3,415.0,0.9375,1.0101,1.0919,3269
4,60,MODIS_v1.3,420.0,0.9331,1.0055,1.0839,3262
4,60,MODIS_v1.3,425.0,0.9239,0.9936,1.0659,3260
4,60,MODIS_v1.3,430.0,0.9143,0.9857,1.057,3256
4,60,MODIS_v1.3,435.0,0.9004,0.9735,1.0435,3262
4,60,MODIS_v1.3,440.0,0.8826,0.9491,1.0163,3285
4,60,MODIS_v1.3,445.0,0.8711,0.9328,0.9939,3308
4,60,MODIS_v1.3,450.0,0.8547,0.9073,0.9612,3318
4,60,MODIS_v1.3,455.0,0.8658,0.9238,0.9797,3318
4,60,MODIS_v1.3,460.0,0.8862,0.9527,1.0142,3318
4,60,MODIS_v1.3,465.0,0.9075,0.9842,1.0481,3318
4,60,MODIS_v1.3,470.0,0.9323,1.0168,1.0838,3318
4,60,MODIS_v1.3,475.0,0.9549,1.0438,1.1102,3320
4,60,MODIS_v1.3,480.0,0.9711,1.0557,1.1192,3320
4,60,MODIS_v1.3,485.0,0.999,1.0855,1.1497,3320
4,60,MODIS_v1.3,490.0,1.0181,1.1037,1.1644,3320
4,60,MODIS_v1.3,495.0,1.0259,1.0983,1.1499,3320
4,60,MODIS_v1.3,500.0,1.0201,1.0762,1.1194,3320
4,60,MODIS_v1.3,505.0,0.9685,1.0014,1.0453,3320
4,60,MODIS_v1.3,510.0,0.8855,0.9124,0.9595,3320
4,60,MODIS_v1.3,515.0,0.8189,0.8455,0.8993,3320
4,60,MODIS_v1.3,520.0,0.8594,0.8836,0.9336,3320
4,60,MODIS_v1.3,525.0,0.9106,0.9325,0.9758,3320
4,60,MODIS_v1.3,530.0,0.9468,0.9668,1.0045,3320
4,60,MODIS_v1.3,535.0,0.981,0.9999,1.0333,3320
4,60,MODIS_v1.3,540.0,1.0063,1.0257,1.0547,3320
4,60,MODIS_v1.3,545.0,1.005,1.0238,1.0502,3320
4,60,MODIS_v1.3,550.0,0.9781,0.9962,1.0207,3320
4,60,MODIS_v1.3,555.0,0.9877,1.0074,1.0301,3320
4,60,MODIS_v1.3,560.0,1.0102,1.0324,1.056,3320
4,60,MODIS_v1.3,565.0,1.037,1.0633,1.0892,3320
4,60,MODIS_v1.3,570.0,1.0364,1.0656,1.0936,3320
4,60,MODIS_v1.3,575.0,1.0312,1.0632,1.0941,3320
4,60,MODIS_v1.3,580.0,1.0141,1.0513,1.085,3320
4,60,MODIS_v1.3,585.0,0.9809,1.0227,1.0585,3320
4,60,MODIS_v1.3,590.0,0.9754,1.025,1.0649,3320
4,60,MODIS_v1.3,595.0,0.9756,1.0295,1.0713,3320
4,60,MODIS_v1.3,600.0,0.8942,0.9431,0.9813,3320
4,60,MODIS_v1.3,605.0,0.8966,0.9448,0.9807,3320
4,60,MODIS_v1.3,610.0,0.9666,1.0155,1.0505,3320
4,60,MODIS_v1.3,615.0,1.0135,1.0627,1.0957,3320
4,60,MODIS_v1.3,620.0,1.019,1.0669,1.0972,3320
4,60,MODIS_v1.3,625.0,1.0109,1.0566,1.0846,3320
4,60,MODIS_v1.3,630.0,0.998,1.0412,1.067,3320
4,60,MODIS_v1.3,635.0,0.9832,1.0237,1.0471,3320
4,60,MODIS_v1.3,640.0,0.9746,1.0122,1.0345,3320
4,60,MODIS_v1.3,645.0,0.9599,0.9945,1.0155,3320
4,60,MODIS_v1.3,650.0,0.9531,0.9839,1.0036,3320
4,60,MODIS_v1.3,655.0,0.9131,0.9405,0.9589,3320
4,60,MODIS_v1.3,660.0,0.8669,0.8934,0.9103,3320
4,60,MODIS_v1.3,665.0,0.8732,0.8998,0.9164,3320
4,60,MODIS_v1.3,670.0,0.9025,0.931,0.9494,3320
4,60,MODIS_v1.3,675.0,0.9396,0.9712,0.9921,3320
4,60,MODIS_v1.3,680.0,0.9666,1.0014,1.025,3320
4,60,MODIS_v1.3,685.0,0.9902,1.0283,1.055,3320
4,60,MODIS_v1.3,690.0,0.9996,1.0409,1.0705,3320
4,60,MODIS_v1.3,695.0,0.9878,1.0324,1.0642,3320
4,60,MODIS_v1.3,700.0,0.9457,0.9937,1.0265,3320
4,60,MODIS_v1.3,705.0,0.895,0.9453,0.9793,3320
4,60,MODIS_v1.3,710.0,0.8124,0.8625,0.897,3320
4,60,MODIS_v1.3,715.0,0.7096,0.7582,0.7918,3320
4,60,MODIS_v1.3,720.0,0.6172,0.6637,0.6948,3320
4,60,MODIS_v1.3,725.0,0.5415,0.5855,0.6152,3320
4,60,MODIS_v1.3,730.0,0.4337,0.4714,0.4968,3320
4,60,MODIS_v1.3,735.0,0.3587,0.3931,0.4156,3320
4,60,MODIS_v1.3,740.0,0.341,0.3763,0.3991,3320
4,60,MODIS_v1.3,745.0,0.3521,0.3909,0.4159,3320
4,60,MODIS_v1.3,750.0,0.3671,0.4095,0.4369,3320
4,60,PACE_v2.3,400.0,0.9377,1.0041,1.0777,3288
4,60,PACE_v2.3,405.0,0.9395,0.9999,1.0666,3284
4,60,PACE_v2.3,410.0,0.9433,0.9977,1.0563,3277
4,60,PACE_v2.3,415.0,0.9499,0.9996,1.0526,3269
4,60,PACE_v2.3,420.0,0.9616,1.0086,1.0577,3262
4,60,PACE_v2.3,425.0,0.9686,1.0124,1.0563,3260
4,60,PACE_v2.3,430.0,0.9774,1.0205,1.0617,3256
4,60,PACE_v2.3,435.0,0.9808,1.0251,1.0636,3262
4,60,PACE_v2.3,440.0,0.9753,1.0155,1.0493,3285
4,60,PACE_v2.3,445.0,0.9711,1.0086,1.0409,3308
4,60,PACE_v2.3,450.0,0.953,0.986,1.0204,3318
4,60,PACE_v2.3,455.0,0.9681,1.0024,1.0372,3318
4,60,PACE_v2.3,460.0,0.9859,1.0235,1.0567,3318
4,60,PACE_v2.3,465.0,0.9936,1.0341,1.0678,3318
4,60,PACE_v2.3,470.0,0.9913,1.0343,1.0688,3318
4,60,PACE_v2.3,475.0,0.9778,1.0216,1.0545,3320
4,60,PACE_v2.3,480.0,0.9544,0.993,1.0234,3320
4,60,PACE_v2.3,485.0,0.9522,0.9903,1.0197,3320
4,60,PACE_v2.3,490.0,0.9606,0.9973,1.0248,3320
4,60,PACE_v2.3,495.0,0.9795,1.0128,1.0386,3320
4,60,PACE_v2.3,500.0,1.011,1.0417,1.0657,3320
4,60,PACE_v2.3,505.0,1.009,1.0327,1.0556,3320
4,60,PACE_v2.3,510.0,0.9714,0.9905,1.0138,3320
4,60,PACE_v2.3,515.0,0.9257,0.9428,0.967,3320
4,60,PACE_v2.3,520.0,0.9685,0.9859,1.0046,3320
4,60,PACE_v2.3,525.0,1.0002,1.0202,1.0392,3320
4,60,PACE_v2.3,530.0,1.0051,1.027,1.046,3320
4,60,PACE_v2.3,535.0,1.0063,1.029,1.0474,3320
4,60,PACE_v2.3,540.0,1.0035,1.0252,1.0428,3320
4,60,PACE_v2.3,545.0,0.9833,1.0017,1.0169,3320
4,60,PACE_v2.3,550.0,0.9475,0.9619,0.9757,3320
4,60,PACE_v2.3,555.0,0.9541,0.9672,0.9804,3320
4,60,PACE_v2.3,560.0,0.9794,0.9921,1.0051,3320
4,60,PACE_v2.3,565.0,1.0135,1.0267,1.0392,3320
4,60,PACE_v2.3,570.0,1.0199,1.0319,1.0435,3320
4,60,PACE_v2.3,575.0,1.0168,1.0278,1.038,3320
4,60,PACE_v2.3,580.0,0.9992,1.0084,1.0166,3320
4,60,PACE_v2.3,585.0,0.9716,0.9798,0.9863,3320
4,60,PACE_v2.3,590.0,0.9937,1.0022,1.0099,3320
4,60,PACE_v2.3,595.0,1.0379,1.0466,1.0549,3320
4,60,PACE_v2.3,600.0,0.9769,0.9825,0.9881,3320
4,60,PACE_v2.3,605.0,0.9667,0.9714,0.9751,3320
4,60,PACE_v2.3,610.0,1.0006,1.0069,1.0109,3320
4,60,PACE_v2.3,615.0,1.0115,1.0186,1.0229,3320
4,60,PACE_v2.3,620.0,0.9983,1.0049,1.009,3320
4,60,PACE_v2.3,625.0,0.9898,0.9957,0.9998,3320
4,60,PACE_v2.3,630.0,0.9898,0.9952,0.9993,3320
4,60,PACE_v2.3,635.0,0.9948,0.9999,1.0043,3320
4,60,PACE_v2.3,640.0,1.0082,1.0131,1.0177,3320
4,60,PACE_v2.3,645.0,1.0138,1.0186,1.0233,3320
4,60,PACE_v2.3,650.0,1.022,1.0269,1.0318,3320
4,60,PACE_v2.3,655.0,0.9897,0.9945,0.9993,3320
4,60,PACE_v2.3,660.0,0.9461,0.9511,0.9555,3320
4,60,PACE_v2.3,665.0,0.9524,0.9592,0.9634,3320
4,60,PACE_v2.3,670.0,0.9783,0.9879,0.9924,3320
4,60,PACE_v2.3,675.0,1.0088,1.0197,1.0247,3320
4,60,PACE_v2.3,680.0,1.0243,1.0341,1.0393,3320
4,60,PACE_v2.3,685.0,1.0327,1.0404,1.0454,3320
4,60,PACE_v2.3,690.0,1.0216,1.0279,1.0332,3320
4,60,PACE_v2.3,695.0,0.9864,0.9924,0.9976,3320
4,60,PACE_v2.3,700.0,0.9217,0.9272,0.9322,3320
4,60,PACE_v2.3,705.0,0.8499,0.855,0.8597,3320
4,60,PACE_v2.3,710.0,0.7512,0.7556,0.7598,3320
4,60,PACE_v2.3,715.0,0.6393,0.6431,0.6468,3320
4,60,PACE_v2.3,720.0,0.5409,0.544,0.5471,3320
4,60,PACE_v2.3,725.0,0.4615,0.4641,0.4668,3320
4,60,PACE_v2.3,730.0,0.3593,0.3614,0.3635,3320
4,60,PACE_v2.3,735.0,0.29,0.2916,0.2933,3320
4,60,PACE_v2.3,740.0,0.2687,0.2702,0.2718,3320
4,60,PACE_v2.3,745.0,0.2703,0.272,0.2736,3320
4,60,PACE_v2.3,750.0,0.2746,0.2763,0.2779,3320
2,0,MODIS_v1.1,400.0,1.0709,1.1663,1.3142,3202
2,0,MODIS_v1.1,405.0,1.0842,1.1706,1.2983,3176
2,0,MODIS_v1.1,410.0,1.0957,1.1735,1.2841,3157
2,0,MODIS_v1.1,415.0,1.1062,1.1767,1.2713,3141
2,0,MODIS_v1.1,420.0,1.1179,1.1843,1.2685,3111
2,0,MODIS_v1.1,425.0,1.1203,1.1818,1.2573,3100
2,0,MODIS_v1.1,430.0,1.122,1.1814,1.2486,3085
2,0,MODIS_v1.1,435.0,1.1144,1.1727,1.2376,3089
2,0,MODIS_v1.1,440.0,1.0948,1.1496,1.2104,3125
2,0,MODIS_v1.1,445.0,1.0811,1.1317,1.1897,3156
2,0,MODIS_v1.1,450.0,1.0551,1.1022,1.1592,3230
2,0,MODIS_v1.1,455.0,1.0662,1.1155,1.1723,3227
2,0,MODIS_v1.1,460.0,1.0854,1.1384,1.197,3210
2,0,MODIS_v1.1,465.0,1.1034,1.1613,1.221,3205
2,0,MODIS_v1.1,470.0,1.1198,1.1818,1.2438,3209
2,0,MODIS_v1.1,475.0,1.1319,1.1937,1.2548,3229
2,0,MODIS_v1.1,480.0,1.128,1.1871,1.2468,3274
2,0,MODIS_v1.1,485.0,1.1367,1.1955,1.2539,3303
2,0,MODIS_v1.1,490.0,1.1323,1.1869,1.2421,3313
2,0,MODIS_v1.1,495.0,1.1079,1.1535,1.2017,3315
2,0,MODIS_v1.1,500.0,1.0653,1.1032,1.1455,3315
2,0,MODIS_v1.1,505.0,0.9736,1.0009,1.0612,3315
2,0,MODIS_v1.1,510.0,0.8624,0.8874,0.9707,3315
2,0,MODIS_v1.1,515.0,0.7772,0.803,0.8988,3315
2,0,MODIS_v1.1,520.0,0.8022,0.8247,0.9121,3315
2,0,MODIS_v1.1,525.0,0.8399,0.8595,0.9373,3315
2,0,MODIS_v1.1,530.0,0.8679,0.886,0.9535,3315
2,0,MODIS_v1.1,535.0,0.9004,0.9186,0.9723,3315
2,0,MODIS_v1.1,540.0,0.933,0.9518,0.9943,3315
2,0,MODIS_v1.1,545.0,0.9491,0.9685,1.0025,3315
2,0,MODIS_v1.1,550.0,0.9507,0.9701,1.001,3315
2,0,MODIS_v1.1,555.0,0.9973,1.0186,1.0498,3315
2,0,MODIS_v1.1,560.0,1.066,1.0906,1.1252,3315
2,0,MODIS_v1.1,565.0,1.1474,1.1763,1.215,3315
2,0,MODIS_v1.1,570.0,1.194,1.2274,1.268,3315
2,0,MODIS_v1.1,575.0,1.2168,1.2529,1.2956,3315
2,0,MODIS_v1.1,580.0,1.1942,1.2307,1.272,3315
2,0,MODIS_v1.1,585.0,1.1105,1.1449,1.1824,3315
2,0,MODIS_v1.1,590.0,1.0274,1.0598,1.0926,3315
2,0,MODIS_v1.1,595.0,0.9376,0.9679,0.9967,3315
2,0,MODIS_v1.1,600.0,0.7913,0.8178,0.8404,3315
2,0,MODIS_v1.1,605.0,0.7571,0.7828,0.8029,3315
2,0,MODIS_v1.1,610.0,0.8096,0.8368,0.8567,3315
2,0,MODIS_v1.1,615.0,0.8701,0.8991,0.9187,3315
2,0,MODIS_v1.1,620.0,0.915,0.9452,0.9637,3315
2,0,MODIS_v1.1,625.0,0.9568,0.9872,1.0052,3315
2,0,MODIS_v1.1,630.0,0.9944,1.025,1.0423,3315
2,0,MODIS_v1.1,635.0,1.0246,1.0553,1.0721,3315
2,0,MODIS_v1.1,640.0,1.0534,1.0832,1.0999,3315
2,0,MODIS_v1.1,645.0,1.0657,1.094,1.1108,3315
2,0,MODIS_v1.1,650.0,1.0743,1.1017,1.1194,3315
2,0,MODIS_v1.1,655.0,1.0364,1.063,1.08,3315
2,0,MODIS_v1.1,660.0,0.9847,1.0104,1.0277,3315
2,0,MODIS_v1.1,665.0,0.9845,1.0125,1.0307,3315
2,0,MODIS_v1.1,670.0,1.0051,1.0363,1.0565,3315
2,0,MODIS_v1.1,675.0,1.0298,1.0642,1.0878,3315
2,0,MODIS_v1.1,680.0,1.0403,1.0769,1.1029,3315
2,0,MODIS_v1.1,685.0,1.0456,1.0835,1.1119,3315
2,0,MODIS_v1.1,690.0,1.0344,1.0736,1.1038,3315
2,0,MODIS_v1.1,695.0,1.0012,1.0423,1.0737,3315
2,0,MODIS_v1.1,700.0,0.9403,0.9812,1.0139,3315
2,0,MODIS_v1.1,705.0,0.8719,0.9139,0.9476,3315
2,0,MODIS_v1.1,710.0,0.7764,0.8186,0.8505,3315
2,0,MODIS_v1.1,715.0,0.6672,0.7075,0.7371,3315
2,0,MODIS_v1.1,720.0,0.5709,0.6093,0.6365,3315
2,0,MODIS_v1.1,725.0,0.4938,0.5304,0.5558,3315
2,0,MODIS_v1.1,730.0,0.391,0.4223,0.4437,3315
2,0,MODIS_v1.1,735.0,0.321,0.3493,0.368,3315
2,0,MODIS_v1.1,740.0,0.3033,0.3323,0.3511,3315
2,0,MODIS_v1.1,745.0,0.312,0.3439,0.3644,3315
2,0,MODIS_v1.1,750.0,0.3244,0.3599,0.3825,3315
2,0,MODIS_v1.3,400.0,0.9976,1.0806,1.1838,3202
2,0,MODIS_v1.3,405.0,0.9926,1.07,1.1653,3176
2,0,MODIS_v1.3,410.0,0.9863,1.0608,1.1468,3157
2,0,MODIS_v1.3,415.0,0.9826,1.0505,1.13,3141
2,0,MODIS_v1.3,420.0,0.9801,1.0459,1.1212,3111
2,0,MODIS_v1.3,425.0,0.9716,1.0349,1.103,3100
2,0,MODIS_v1.3,430.0,0.9622,1.028,1.0936,3085
2,0,MODIS_v1.3,435.0,0.95,1.0159,1.0806,3089
2,0,MODIS_v1.3,440.0,0.9298,0.9932,1.0549,3125
2,0,MODIS_v1.3,445.0,0.918,0.9769,1.0343,3156
2,0,MODIS_v1.3,450.0,0.8999,0.9521,1.0065,3230
2,0,MODIS_v1.3,455.0,0.9109,0.9691,1.0256,3227
2,0,MODIS_v1.3,460.0,0.9314,0.9988,1.0586,3210
2,0,MODIS_v1.3,465.0,0.9522,1.03,1.0931,3205
2,0,MODIS_v1.3,470.0,0.9758,1.0638,1.1304,3209
2,0,MODIS_v1.3,475.0,0.997,1.0915,1.1605,3229
2,0,MODIS_v1.3,480.0,1.0111,1.1051,1.1732,3274
2,0,MODIS_v1.3,485.0,1.0365,1.1357,1.2062,3303
2,0,MODIS_v1.3,490.0,1.055,1.1526,1.2215,3313
2,0,MODIS_v1.3,495.0,1.0605,1.1444,1.2058,3315
2,0,MODIS_v1.3,500.0,1.0533,1.1192,1.1714,3315
2,0,MODIS_v1.3,505.0,0.9978,1.0409,1.0803,3315
2,0,MODIS_v1.3,510.0,0.9163,0.9436,0.9795,3315
2,0,MODIS_v1.3,515.0,0.8483,0.8678,0.9084,3315
2,0,MODIS_v1.3,520.0,0.8832,0.905,0.9362,3315
2,0,MODIS_v1.3,525.0,0.9261,0.9512,0.977,3315
2,0,MODIS_v1.3,530.0,0.9528,0.9798,1.0054,3315
2,0,MODIS_v1.3,535.0,0.9758,1.0057,1.0324,3315
2,0,MODIS_v1.3,540.0,0.9904,1.0225,1.0511,3315
2,0,MODIS_v1.3,545.0,0.979,1.0121,1.0412,3315
2,0,MODIS_v1.3,550.0,0.9458,0.9769,1.0047,3315
2,0,MODIS_v1.3,555.0,0.9466,0.9794,1.0095,3315
2,0,MODIS_v1.3,560.0,0.9605,0.9962,1.0289,3315
2,0,MODIS_v1.3,565.0,0.9814,1.0205,1.0573,3315
2,0,MODIS_v1.3,570.0,0.9819,1.0208,1.0589,3315
2,0,MODIS_v1.3,575.0,0.9805,1.0214,1.06,3315
2,0,MODIS_v1.3,580.0,0.9746,1.0158,1.0533,3315
2,0,MODIS_v1.3,585.0,0.9545,0.9966,1.0322,3315
2,0,MODIS_v1.3,590.0,0.9615,1.0055,1.04,3315
2,0,MODIS_v1.3,595.0,0.9681,1.0102,1.0425,3315
2,0,MODIS_v1.3,600.0,0.8857,0.9213,0.948,3315
2,0,MODIS_v1.3,605.0,0.8841,0.9163,0.94,3315
2,0,MODIS_v1.3,610.0,0.949,0.9798,1.0029,3315
2,0,MODIS_v1.3,615.0,0.994,1.0246,1.0476,3315
2,0,MODIS_v1.3,620.0,1.0023,1.032,1.055,3315
2,0,MODIS_v1.3,625.0,1.0,1.0287,1.0512,3315
2,0,MODIS_v1.3,630.0,0.993,1.0222,1.0441,3315
2,0,MODIS_v1.3,635.0,0.9848,1.0138,1.0355,3315
2,0,MODIS_v1.3,640.0,0.9821,1.0114,1.0323,3315
2,0,MODIS_v1.3,645.0,0.9726,1.0021,1.0232,3315
2,0,MODIS_v1.3,650.0,0.9686,0.9988,1.0202,3315
2,0,MODIS_v1.3,655.0,0.9309,0.9608,0.9822,3315
2,0,MODIS_v1.3,660.0,0.8878,0.9173,0.9393,3315
2,0,MODIS_v1.3,665.0,0.8947,0.9283,0.9538,3315
2,0,MODIS_v1.3,670.0,0.9233,0.9644,0.9951,3315
2,0,MODIS_v1.3,675.0,0.9615,1.01,1.0456,3315
2,0,MODIS_v1.3,680.0,0.9898,1.0441,1.0842,3315
2,0,MODIS_v1.3,685.0,1.0147,1.075,1.1189,3315
2,0,MODIS_v1.3,690.0,1.0235,1.0909,1.1387,3315
2,0,MODIS_v1.3,695.0,1.0106,1.0844,1.1358,3315
2,0,MODIS_v1.3,700.0,0.9675,1.0451,1.0993,3315
2,0,MODIS_v1.3,705.0,0.9158,0.9954,1.0511,3315
2,0,MODIS_v1.3,710.0,0.8318,0.9092,0.9641,3315
2,0,MODIS_v1.3,715.0,0.7279,0.8003,0.8516,3315
2,0,MODIS_v1.3,720.0,0.6333,0.7005,0.7482,3315
2,0,MODIS_v1.3,725.0,0.5561,0.6185,0.6633,3315
2,0,MODIS_v1.3,730.0,0.4462,0.4985,0.5363,3315
2,0,MODIS_v1.3,735.0,0.3709,0.4162,0.4492,3315
2,0,MODIS_v1.3,740.0,0.3542,0.3989,0.4321,3315
2,0,MODIS_v1.3,745.0,0.3665,0.4149,0.4508,3315
2,0,MODIS_v1.3,750.0,0.3827,0.4355,0.4745,3315
2,0,PACE_v2.3,400.0,0.9422,1.008,1.079,3202
2,0,PACE_v2.3,405.0,0.9452,1.005,1.0694,3176
2,0,PACE_v2.3,410.0,0.9497,1.0026,1.0606,3157
2,0,PACE_v2.3,415.0,0.958,1.0053,1.0574,3141
2,0,PACE_v2.3,420.0,0.9689,1.0145,1.0612,3111
2,0,PACE_v2.3,425.0,0.9748,1.0179,1.0602,3100
2,0,PACE_v2.3,430.0,0.982,1.0256,1.0648,3085
2,0,PACE_v2.3,435.0,0.9833,1.0277,1.0666,3089
2,0,PACE_v2.3,440.0,0.9753,1.0172,1.0522,3125
2,0,PACE_v2.3,445.0,0.9695,1.0087,1.0435,3156
2,0,PACE_v2.3,450.0,0.9511,0.987,1.0215,3230
2,0,PACE_v2.3,455.0,0.9635,1.0015,1.036,3227
2,0,PACE_v2.3,460.0,0.9783,1.0205,1.0555,3210
2,0,PACE_v2.3,465.0,0.9844,1.0318,1.0683,3205
2,0,PACE_v2.3,470.0,0.983,1.0344,1.0721,3209
2,0,PACE_v2.3,475.0,0.973,1.0248,1.0625,3229
2,0,PACE_v2.3,480.0,0.9518,0.9998,1.0348,3274
2,0,PACE_v2.3,485.0,0.9503,0.9985,1.0349,3303
2,0,PACE_v2.3,490.0,0.9575,1.0059,1.0418,3313
2,0,PACE_v2.3,495.0,0.9753,1.0198,1.0518,3315
2,0,PACE_v2.3,500.0,1.005,1.0458,1.0733,3315
2,0,PACE_v2.3,505.0,1.0048,1.0342,1.0566,3315
2,0,PACE_v2.3,510.0,0.9691,0.9892,1.01,3315
2,0,PACE_v2.3,515.0,0.9239,0.9404,0.9619,3315
2,0,PACE_v2.3,520.0,0.9642,0.9841,1.0045,3315
2,0,PACE_v2.3,525.0,0.9954,1.0191,1.0407,3315
2,0,PACE_v2.3,530.0,1.0017,1.0267,1.0486,3315
2,0,PACE_v2.3,535.0,1.0037,1.0299,1.0513,3315
2,0,PACE_v2.3,540.0,1.002,1.0279,1.0478,3315
2,0,PACE_v2.3,545.0,0.9825,1.0053,1.0229,3315
2,0,PACE_v2.3,550.0,0.948,0.966,0.9806,3315
2,0,PACE_v2.3,555.0,0.954,0.9712,0.9855,3315
2,0,PACE_v2.3,560.0,0.9784,0.9953,1.0094,3315
2,0,PACE_v2.3,565.0,1.01,1.028,1.042,3315
2,0,PACE_v2.3,570.0,1.0141,1.0305,1.0438,3315
2,0,PACE_v2.3,575.0,1.0082,1.0235,1.0354,3315
2,0,PACE_v2.3,580.0,0.9895,1.0026,1.0117,3315
2,0,PACE_v2.3,585.0,0.964,0.975,0.9811,3315
2,0,PACE_v2.3,590.0,0.9915,1.0023,1.0089,3315
2,0,PACE_v2.3,595.0,1.0414,1.0522,1.0597,3315
2,0,PACE_v2.3,600.0,0.9825,0.9898,0.995,3315
2,0,PACE_v2.3,605.0,0.9709,0.9783,0.9826,3315
2,0,PACE_v2.3,610.0,1.0047,1.0129,1.0186,3315
2,0,PACE_v2.3,615.0,1.0159,1.0242,1.0305,3315
2,0,PACE_v2.3,620.0,1.002,1.0096,1.0159,3315
2,0,PACE_v2.3,625.0,0.9919,0.9988,1.005,3315
2,0,PACE_v2.3,630.0,0.9897,0.9962,1.0022,3315
2,0,PACE_v2.3,635.0,0.9928,0.9988,1.0045,3315
2,0,PACE_v2.3,640.0,1.0038,1.0099,1.0155,3315
2,0,PACE_v2.3,645.0,1.0073,1.0132,1.019,3315
2,0,PACE_v2.3,650.0,1.0142,1.02,1.0259,3315
2,0,PACE_v2.3,655.0,0.9816,0.987,0.993,3315
2,0,PACE_v2.3,660.0,0.9386,0.9436,0.9491,3315
2,0,PACE_v2.3,665.0,0.9466,0.9518,0.9573,3315
2,0,PACE_v2.3,670.0,0.9753,0.9813,0.9871,3315
2,0,PACE_v2.3,675.0,1.0079,1.015,1.0213,3315
2,0,PACE_v2.3,680.0,1.0259,1.0326,1.0392,3315
2,0,PACE_v2.3,685.0,1.037,1.0429,1.0502,3315
2,0,PACE_v2.3,690.0,1.0301,1.0356,1.044,3315
2,0,PACE_v2.3,695.0,1.0005,1.0058,1.0151,3315
2,0,PACE_v2.3,700.0,0.9411,0.9462,0.9557,3315
2,0,PACE_v2.3,705.0,0.8744,0.8792,0.8887,3315
2,0,PACE_v2.3,710.0,0.7791,0.7834,0.7926,3315
2,0,PACE_v2.3,715.0,0.6687,0.6724,0.6806,3315
2,0,PACE_v2.3,720.0,0.5709,0.5741,0.5814,3315
2,0,PACE_v2.3,725.0,0.492,0.4947,0.5012,3315
2,0,PACE_v2.3,730.0,0.3872,0.3894,0.3945,3315
2,0,PACE_v2.3,735.0,0.3159,0.3178,0.322,3315
2,0,PACE_v2.3,740.0,0.2962,0.2979,0.302,3315
2,0,PACE_v2.3,745.0,0.3018,0.3035,0.3077,3315
2,0,PACE_v2.3,750.0,0.3104,0.3122,0.3166,3315
2,30,MODIS_v1.1,400.0,1.0387,1.1323,1.2836,3242
2,30,MODIS_v1.1,405.0,1.0537,1.1379,1.2674,3229
2,30,MODIS_v1.1,410.0,1.066,1.1422,1.2529,3216
2,30,MODIS_v1.1,415.0,1.077,1.1469,1.2408,3196
2,30,MODIS_v1.1,420.0,1.0908,1.1551,1.2375,3170
2,30,MODIS_v1.1,425.0,1.0953,1.1544,1.2278,3164
2,30,MODIS_v1.1,430.0,1.0999,1.1554,1.2233,3154
2,30,MODIS_v1.1,435.0,1.0934,1.1483,1.212,3155
2,30,MODIS_v1.1,440.0,1.0763,1.1261,1.1861,3192
2,30,MODIS_v1.1,445.0,1.0625,1.1101,1.1672,3233
2,30,MODIS_v1.1,450.0,1.0362,1.0805,1.1373,3279
2,30,MODIS_v1.1,455.0,1.0492,1.095,1.1504,3280
2,30,MODIS_v1.1,460.0,1.0702,1.1195,1.1759,3271
2,30,MODIS_v1.1,465.0,1.0894,1.1433,1.2018,3269
2,30,MODIS_v1.1,470.0,1.1063,1.1657,1.2249,3272
2,30,MODIS_v1.1,475.0,1.119,1.1785,1.2377,3291
2,30,MODIS_v1.1,480.0,1.1157,1.1721,1.2282,3317
2,30,MODIS_v1.1,485.0,1.1251,1.1809,1.2356,3318
2,30,MODIS_v1.1,490.0,1.1221,1.1741,1.2245,3320
2,30,MODIS_v1.1,495.0,1.0973,1.1415,1.1873,3320
2,30,MODIS_v1.1,500.0,1.0557,1.0924,1.1344,3320
2,30,MODIS_v1.1,505.0,0.9637,0.9919,1.056,3320
2,30,MODIS_v1.1,510.0,0.8532,0.8814,0.9696,3320
2,30,MODIS_v1.1,515.0,0.77,0.7992,0.8966,3320
2,30,MODIS_v1.1,520.0,0.7954,0.8214,0.9116,3320
2,30,MODIS_v1.1,525.0,0.8341,0.8571,0.9373,3320
2,30,MODIS_v1.1,530.0,0.8629,0.8838,0.9534,3320
2,30,MODIS_v1.1,535.0,0.8965,0.9166,0.9743,3320
2,30,MODIS_v1.1,540.0,0.9297,0.9508,0.9963,3320
2,30,MODIS_v1.1,545.0,0.9469,0.9683,1.0048,3320
2,30,MODIS_v1.1,550.0,0.9485,0.9711,1.0038,3320
2,30,MODIS_v1.1,555.0,0.9954,1.0197,1.0525,3320
2,30,MODIS_v1.1,560.0,1.0647,1.0927,1.1283,3320
2,30,MODIS_v1.1,565.0,1.1463,1.1784,1.2184,3320
2,30,MODIS_v1.1,570.0,1.1933,1.2298,1.2714,3320
2,30,MODIS_v1.1,575.0,1.2163,1.2555,1.2997,3320
2,30,MODIS_v1.1,580.0,1.1933,1.2329,1.2759,3320
2,30,MODIS_v1.1,585.0,1.1097,1.147,1.1859,3320
2,30,MODIS_v1.1,590.0,1.0268,1.0618,1.0961,3320
2,30,MODIS_v1.1,595.0,0.9366,0.9698,0.9999,3320
2,30,MODIS_v1.1,600.0,0.7905,0.8192,0.8429,3320
2,30,MODIS_v1.1,605.0,0.7566,0.7842,0.8051,3320
2,30,MODIS_v1.1,610.0,0.809,0.8382,0.8587,3320
2,30,MODIS_v1.1,615.0,0.8696,0.9008,0.9212,3320
2,30,MODIS_v1.1,620.0,0.9143,0.9467,0.9665,3320
2,30,MODIS_v1.1,625.0,0.9561,0.989,1.0079,3320
2,30,MODIS_v1.1,630.0,0.9944,1.0271,1.0452,3320
2,30,MODIS_v1.1,635.0,1.0251,1.0576,1.0752,3320
2,30,MODIS_v1.1,640.0,1.054,1.0861,1.1032,3320
2,30,MODIS_v1.1,645.0,1.0664,1.0972,1.1142,3320
2,30,MODIS_v1.1,650.0,1.0759,1.1051,1.1231,3320
2,30,MODIS_v1.1,655.0,1.0383,1.0667,1.0843,3320
2,30,MODIS_v1.1,660.0,0.9871,1.0141,1.032,3320
2,30,MODIS_v1.1,665.0,0.9868,1.0166,1.0357,3320
2,30,MODIS_v1.1,670.0,1.0078,1.0408,1.0624,3320
2,30,MODIS_v1.1,675.0,1.0324,1.0693,1.0946,3320
2,30,MODIS_v1.1,680.0,1.0433,1.0826,1.1108,3320
2,30,MODIS_v1.1,685.0,1.0488,1.0895,1.1205,3320
2,30,MODIS_v1.1,690.0,1.0377,1.0799,1.1131,3320
2,30,MODIS_v1.1,695.0,1.0046,1.0484,1.0836,3320
2,30,MODIS_v1.1,700.0,0.9432,0.9878,1.0246,3320
2,30,MODIS_v1.1,705.0,0.875,0.9213,0.9585,3320
2,30,MODIS_v1.1,710.0,0.7791,0.8258,0.8617,3320
2,30,MODIS_v1.1,715.0,0.6702,0.714,0.7473,3320
2,30,MODIS_v1.1,720.0,0.5736,0.6153,0.646,3320
2,30,MODIS_v1.1,725.0,0.4965,0.5358,0.5646,3320
2,30,MODIS_v1.1,730.0,0.3927,0.4271,0.4513,3320
2,30,MODIS_v1.1,735.0,0.3228,0.3533,0.3745,3320
2,30,MODIS_v1.1,740.0,0.3051,0.3363,0.3576,3320
2,30,MODIS_v1.1,745.0,0.3136,0.3483,0.3715,3320
2,30,MODIS_v1.1,750.0,0.3264,0.3648,0.3902,3320
2,30,MODIS_v1.3,400.0,0.9606,1.0401,1.1414,3242
2,30,MODIS_v1.3,405.0,0.9557,1.0296,1.1242,3229
2,30,MODIS_v1.3,410.0,0.9501,1.0209,1.1049,3216
2,30,MODIS_v1.3,415.0,0.9467,1.0122,1.0887,3196
2,30,MODIS_v1.3,420.0,0.9444,1.0069,1.0789,3170
2,30,MODIS_v1.3,425.0,0.9372,0.9971,1.0634,3164
2,30,MODIS_v1.3,430.0,0.929,0.9915,1.053,3154
2,30,MODIS_v1.3,435.0,0.9171,0.9803,1.041,3155
2,30,MODIS_v1.3,440.0,0.8989,0.9579,1.016,3192
2,30,MODIS_v1.3,445.0,0.8873,0.9432,0.9973,3233
2,30,MODIS_v1.3,450.0,0.8701,0.9192,0.9696,3279
2,30,MODIS_v1.3,455.0,0.8827,0.9362,0.9888,3280
2,30,MODIS_v1.3,460.0,0.9029,0.9657,1.0232,3271
2,30,MODIS_v1.3,465.0,0.9255,0.9975,1.0583,3269
2,30,MODIS_v1.3,470.0,0.9483,1.031,1.0956,3272
2,30,MODIS_v1.3,475.0,0.9724,1.0599,1.1259,3291
2,30,MODIS_v1.3,480.0,0.9872,1.0736,1.1383,3317
2,30,MODIS_v1.3,485.0,1.0124,1.1045,1.1701,3318
2,30,MODIS_v1.3,490.0,1.0319,1.1231,1.186,3320
2,30,MODIS_v1.3,495.0,1.0401,1.1174,1.1734,3320
2,30,MODIS_v1.3,500.0,1.0333,1.0946,1.1411,3320
2,30,MODIS_v1.3,505.0,0.981,1.0198,1.0571,3320
2,30,MODIS_v1.3,510.0,0.9017,0.926,0.9655,3320
2,30,MODIS_v1.3,515.0,0.8354,0.8542,0.9002,3320
2,30,MODIS_v1.3,520.0,0.8736,0.8924,0.9306,3320
2,30,MODIS_v1.3,525.0,0.9202,0.9419,0.9703,3320
2,30,MODIS_v1.3,530.0,0.9508,0.9741,0.9974,3320
2,30,MODIS_v1.3,535.0,0.9782,1.0039,1.0275,3320
2,30,MODIS_v1.3,540.0,0.9962,1.0246,1.0489,3320
2,30,MODIS_v1.3,545.0,0.9891,1.0177,1.043,3320
2,30,MODIS_v1.3,550.0,0.9586,0.9858,1.0103,3320
2,30,MODIS_v1.3,555.0,0.9627,0.992,1.018,3320
2,30,MODIS_v1.3,560.0,0.9798,1.0116,1.041,3320
2,30,MODIS_v1.3,565.0,1.0033,1.0394,1.072,3320
2,30,MODIS_v1.3,570.0,1.0038,1.0411,1.0754,3320
2,30,MODIS_v1.3,575.0,1.0025,1.0419,1.0776,3320
2,30,MODIS_v1.3,580.0,0.9945,1.0353,1.0711,3320
2,30,MODIS_v1.3,585.0,0.9714,1.0143,1.0489,3320
2,30,MODIS_v1.3,590.0,0.9764,1.0225,1.0584,3320
2,30,MODIS_v1.3,595.0,0.9827,1.0282,1.0622,3320
2,30,MODIS_v1.3,600.0,0.8995,0.9389,0.9679,3320
2,30,MODIS_v1.3,605.0,0.8989,0.9351,0.9615,3320
2,30,MODIS_v1.3,610.0,0.9653,1.0008,1.0262,3320
2,30,MODIS_v1.3,615.0,1.0111,1.046,1.0703,3320
2,30,MODIS_v1.3,620.0,1.0188,1.0521,1.0762,3320
2,30,MODIS_v1.3,625.0,1.0145,1.0464,1.0701,3320
2,30,MODIS_v1.3,630.0,1.0063,1.0373,1.0603,3320
2,30,MODIS_v1.3,635.0,0.9951,1.0263,1.0491,3320
2,30,MODIS_v1.3,640.0,0.9906,1.0214,1.0436,3320
2,30,MODIS_v1.3,645.0,0.9795,1.0099,1.0315,3320
2,30,MODIS_v1.3,650.0,0.9736,1.0048,1.026,3320
2,30,MODIS_v1.3,655.0,0.9351,0.9648,0.9862,3320
2,30,MODIS_v1.3,660.0,0.8918,0.92,0.9414,3320
2,30,MODIS_v1.3,665.0,0.8979,0.9298,0.9539,3320
2,30,MODIS_v1.3,670.0,0.9271,0.9649,0.9935,3320
2,30,MODIS_v1.3,675.0,0.9643,1.0094,1.043,3320
2,30,MODIS_v1.3,680.0,0.9919,1.0425,1.0806,3320
2,30,MODIS_v1.3,685.0,1.0176,1.0731,1.1144,3320
2,30,MODIS_v1.3,690.0,1.0277,1.0881,1.1331,3320
2,30,MODIS_v1.3,695.0,1.0153,1.0812,1.1302,3320
2,30,MODIS_v1.3,700.0,0.9722,1.0419,1.0927,3320
2,30,MODIS_v1.3,705.0,0.9195,0.9924,1.0446,3320
2,30,MODIS_v1.3,710.0,0.8348,0.9066,0.9576,3320
2,30,MODIS_v1.3,715.0,0.7307,0.7979,0.8458,3320
2,30,MODIS_v1.3,720.0,0.6361,0.6983,0.7428,3320
2,30,MODIS_v1.3,725.0,0.5586,0.6164,0.6582,3320
2,30,MODIS_v1.3,730.0,0.4477,0.4967,0.5319,3320
2,30,MODIS_v1.3,735.0,0.3716,0.4145,0.4454,3320
2,30,MODIS_v1.3,740.0,0.3538,0.3969,0.4281,3320
2,30,MODIS_v1.3,745.0,0.3654,0.4128,0.4465,3320
2,30,MODIS_v1.3,750.0,0.3807,0.4329,0.4695,3320
2,30,PACE_v2.3,400.0,0.96,1.0226,1.0938,3242
2,30,PACE_v2.3,405.0,0.9602,1.0164,1.0803,3229
2,30,PACE_v2.3,410.0,0.9605,1.0121,1.0683,3216
2,30,PACE_v2.3,415.0,0.9661,1.0117,1.0616,3196
2,30,PACE_v2.3,420.0,0.9759,1.0178,1.0621,3170
2,30,PACE_v2.3,425.0,0.9804,1.0185,1.058,3164
2,30,PACE_v2.3,430.0,0.9861,1.0243,1.0601,3154
2,30,PACE_v2.3,435.0,0.9861,1.025,1.0586,3155
2,30,PACE_v2.3,440.0,0.9767,1.0126,1.0438,3192
2,30,PACE_v2.3,445.0,0.9694,1.0035,1.0349,3233
2,30,PACE_v2.3,450.0,0.9475,0.98,1.0155,3279
2,30,PACE_v2.3,455.0,0.9613,0.9944,1.0291,3280
2,30,PACE_v2.3,460.0,0.9785,1.014,1.0466,3271
2,30,PACE_v2.3,465.0,0.9864,1.0255,1.0577,3269
2,30,PACE_v2.3,470.0,0.986,1.0281,1.0608,3272
2,30,PACE_v2.3,475.0,0.9763,1.0185,1.05,3291
2,30,PACE_v2.3,480.0,0.9547,0.9935,1.0227,3317
2,30,PACE_v2.3,485.0,0.9544,0.9931,1.0221,3318
2,30,PACE_v2.3,490.0,0.9644,1.0017,1.0293,3320
2,30,PACE_v2.3,495.0,0.9839,1.018,1.0432,3320
2,30,PACE_v2.3,500.0,1.0156,1.0457,1.0694,3320
2,30,PACE_v2.3,505.0,1.0123,1.0353,1.0574,3320
2,30,PACE_v2.3,510.0,0.9731,0.9916,1.0156,3320
2,30,PACE_v2.3,515.0,0.9257,0.9426,0.9683,3320
2,30,PACE_v2.3,520.0,0.9673,0.9847,1.0053,3320
2,30,PACE_v2.3,525.0,0.9991,1.0186,1.0382,3320
2,30,PACE_v2.3,530.0,1.0037,1.0244,1.0442,3320
2,30,PACE_v2.3,535.0,1.0048,1.0259,1.0455,3320
2,30,PACE_v2.3,540.0,1.0016,1.0223,1.0404,3320
2,30,PACE_v2.3,545.0,0.9802,0.998,1.0145,3320
2,30,PACE_v2.3,550.0,0.9434,0.9579,0.9727,3320
2,30,PACE_v2.3,555.0,0.9486,0.9621,0.9768,3320
2,30,PACE_v2.3,560.0,0.9722,0.9855,0.9998,3320
2,30,PACE_v2.3,565.0,1.0042,1.0181,1.032,3320
2,30,PACE_v2.3,570.0,1.0087,1.0217,1.0346,3320
2,30,PACE_v2.3,575.0,1.004,1.016,1.0272,3320
2,30,PACE_v2.3,580.0,0.9861,0.9961,1.0048,3320
2,30,PACE_v2.3,585.0,0.9602,0.9685,0.9752,3320
2,30,PACE_v2.3,590.0,0.9849,0.9937,1.0018,3320
2,30,PACE_v2.3,595.0,1.0333,1.0426,1.052,3320
2,30,PACE_v2.3,600.0,0.9758,0.9828,0.9901,3320
2,30,PACE_v2.3,605.0,0.9684,0.9742,0.9795,3320
2,30,PACE_v2.3,610.0,1.0045,1.0107,1.0156,3320
2,30,PACE_v2.3,615.0,1.0161,1.0224,1.0272,3320
2,30,PACE_v2.3,620.0,1.0021,1.008,1.0124,3320
2,30,PACE_v2.3,625.0,0.9923,0.9975,1.0017,3320
2,30,PACE_v2.3,630.0,0.9906,0.9957,0.9998,3320
2,30,PACE_v2.3,635.0,0.994,0.9993,1.0035,3320
2,30,PACE_v2.3,640.0,1.0063,1.0117,1.0162,3320
2,30,PACE_v2.3,645.0,1.0112,1.0166,1.0216,3320
2,30,PACE_v2.3,650.0,1.0193,1.0248,1.0301,3320
2,30,PACE_v2.3,655.0,0.9877,0.9929,0.9984,3320
2,30,PACE_v2.3,660.0,0.945,0.9501,0.9556,3320
2,30,PACE_v2.3,665.0,0.9536,0.959,0.9646,3320
2,30,PACE_v2.3,670.0,0.9824,0.9892,0.9951,3320
2,30,PACE_v2.3,675.0,1.0153,1.0229,1.0295,3320
2,30,PACE_v2.3,680.0,1.033,1.0401,1.047,3320
2,30,PACE_v2.3,685.0,1.0435,1.0496,1.0571,3320
2,30,PACE_v2.3,690.0,1.0352,1.0408,1.0491,3320
2,30,PACE_v2.3,695.0,1.0037,1.009,1.0182,3320
2,30,PACE_v2.3,700.0,0.942,0.947,0.9563,3320
2,30,PACE_v2.3,705.0,0.8729,0.8775,0.8866,3320
2,30,PACE_v2.3,710.0,0.7753,0.7794,0.7879,3320
2,30,PACE_v2.3,715.0,0.663,0.6666,0.6741,3320
2,30,PACE_v2.3,720.0,0.5639,0.5668,0.5733,3320
2,30,PACE_v2.3,725.0,0.4837,0.4863,0.4918,3320
2,30,PACE_v2.3,730.0,0.3788,0.3808,0.3852,3320
2,30,PACE_v2.3,735.0,0.3075,0.3091,0.3127,3320
2,30,PACE_v2.3,740.0,0.2866,0.2881,0.2914,3320
2,30,PACE_v2.3,745.0,0.2903,0.2918,0.2951,3320
2,30,PACE_v2.3,750.0,0.2967,0.2982,0.3016,3320
2,60,MODIS_v1.1,400.0,1.0431,1.1346,1.264,3288
2,60,MODIS_v1.1,405.0,1.0578,1.1403,1.2543,3284
2,60,MODIS_v1.1,410.0,1.0679,1.1444,1.2439,3277
2,60,MODIS_v1.1,415.0,1.079,1.1484,1.2372,3269
2,60,MODIS_v1.1,420.0,1.0904,1.1568,1.2398,3262
2,60,MODIS_v1.1,425.0,1.0952,1.1559,1.2296,3260
2,60,MODIS_v1.1,430.0,1.098,1.1573,1.2273,3256
2,60,MODIS_v1.1,435.0,1.0921,1.1496,1.2191,3262
2,60,MODIS_v1.1,440.0,1.0738,1.127,1.1907,3285
2,60,MODIS_v1.1,445.0,1.0613,1.1103,1.1701,3308
2,60,MODIS_v1.1,450.0,1.0364,1.0814,1.135,3318
2,60,MODIS_v1.1,455.0,1.0492,1.0964,1.1498,3318
2,60,MODIS_v1.1,460.0,1.0697,1.121,1.1768,3318
2,60,MODIS_v1.1,465.0,1.0879,1.1458,1.2039,3318
2,60,MODIS_v1.1,470.0,1.1045,1.1673,1.229,3318
2,60,MODIS_v1.1,475.0,1.1172,1.1807,1.2405,3320
2,60,MODIS_v1.1,480.0,1.1146,1.1744,1.2291,3320
2,60,MODIS_v1.1,485.0,1.1244,1.1834,1.2365,3320
2,60,MODIS_v1.1,490.0,1.1212,1.177,1.2263,3320
2,60,MODIS_v1.1,495.0,1.099,1.1449,1.1887,3320
2,60,MODIS_v1.1,500.0,1.0586,1.0952,1.1373,3320
2,60,MODIS_v1.1,505.0,0.966,0.9953,1.0573,3320
2,60,MODIS_v1.1,510.0,0.854,0.8874,0.9688,3320
2,60,MODIS_v1.1,515.0,0.7712,0.8044,0.8962,3320
2,60,MODIS_v1.1,520.0,0.7965,0.827,0.9123,3320
2,60,MODIS_v1.1,525.0,0.8351,0.8628,0.938,3320
2,60,MODIS_v1.1,530.0,0.8641,0.8883,0.9547,3320
2,60,MODIS_v1.1,535.0,0.8977,0.9199,0.9761,3320
2,60,MODIS_v1.1,540.0,0.9312,0.9533,0.9995,3320
2,60,MODIS_v1.1,545.0,0.9468,0.9705,1.0095,3320
2,60,MODIS_v1.1,550.0,0.9473,0.9723,1.0059,3320
2,60,MODIS_v1.1,555.0,0.9932,1.0197,1.0513,3320
2,60,MODIS_v1.1,560.0,1.0612,1.0913,1.1245,3320
2,60,MODIS_v1.1,565.0,1.14,1.1753,1.2123,3320
2,60,MODIS_v1.1,570.0,1.1852,1.224,1.2637,3320
2,60,MODIS_v1.1,575.0,1.2061,1.2472,1.2894,3320
2,60,MODIS_v1.1,580.0,1.1811,1.2227,1.2641,3320
2,60,MODIS_v1.1,585.0,1.0972,1.1361,1.1732,3320
2,60,MODIS_v1.1,590.0,1.0139,1.0502,1.0828,3320
2,60,MODIS_v1.1,595.0,0.9243,0.9582,0.986,3320
2,60,MODIS_v1.1,600.0,0.7798,0.8091,0.8299,3320
2,60,MODIS_v1.1,605.0,0.7457,0.7735,0.7922,3320
2,60,MODIS_v1.1,610.0,0.7968,0.8263,0.8449,3320
2,60,MODIS_v1.1,615.0,0.8556,0.8872,0.9064,3320
2,60,MODIS_v1.1,620.0,0.8994,0.9315,0.9509,3320
2,60,MODIS_v1.1,625.0,0.9399,0.9725,0.9912,3320
2,60,MODIS_v1.1,630.0,0.9769,1.0093,1.0275,3320
2,60,MODIS_v1.1,635.0,1.0068,1.0387,1.056,3320
2,60,MODIS_v1.1,640.0,1.0344,1.0659,1.0822,3320
2,60,MODIS_v1.1,645.0,1.0459,1.0763,1.0923,3320
2,60,MODIS_v1.1,650.0,1.0543,1.0835,1.0996,3320
2,60,MODIS_v1.1,655.0,1.0171,1.0447,1.0607,3320
2,60,MODIS_v1.1,660.0,0.9661,0.9928,1.0092,3320
2,60,MODIS_v1.1,665.0,0.9646,0.9945,1.0124,3320
2,60,MODIS_v1.1,670.0,0.9848,1.018,1.038,3320
2,60,MODIS_v1.1,675.0,1.0088,1.0453,1.0693,3320
2,60,MODIS_v1.1,680.0,1.018,1.057,1.0846,3320
2,60,MODIS_v1.1,685.0,1.0221,1.0633,1.0936,3320
2,60,MODIS_v1.1,690.0,1.011,1.0535,1.0858,3320
2,60,MODIS_v1.1,695.0,0.9783,1.0221,1.0569,3320
2,60,MODIS_v1.1,700.0,0.9179,0.9628,0.9991,3320
2,60,MODIS_v1.1,705.0,0.851,0.8975,0.934,3320
2,60,MODIS_v1.1,710.0,0.7582,0.8038,0.8391,3320
2,60,MODIS_v1.1,715.0,0.6513,0.6949,0.7279,3320
2,60,MODIS_v1.1,720.0,0.5577,0.5987,0.629,3320
2,60,MODIS_v1.1,725.0,0.4828,0.5213,0.5495,3320
2,60,MODIS_v1.1,730.0,0.3821,0.4152,0.439,3320
2,60,MODIS_v1.1,735.0,0.3141,0.3436,0.3642,3320
2,60,MODIS_v1.1,740.0,0.2967,0.3269,0.3478,3320
2,60,MODIS_v1.1,745.0,0.3052,0.3384,0.3614,3320
2,60,MODIS_v1.1,750.0,0.3171,0.3542,0.3795,3320
2,60,MODIS_v1.3,400.0,0.9524,1.0416,1.1458,3288
2,60,MODIS_v1.3,405.0,0.948,1.0307,1.1258,3284
2,60,MODIS_v1.3,410.0,0.9409,1.0184,1.1046,3277
2,60,MODIS_v1.3,415.0,0.9347,1.0079,1.0891,3269
2,60,MODIS_v1.3,420.0,0.9315,1.0034,1.0799,3262
2,60,MODIS_v1.3,425.0,0.9219,0.9917,1.0615,3260
2,60,MODIS_v1.3,430.0,0.9126,0.9842,1.0545,3256
2,60,MODIS_v1.3,435.0,0.899,0.972,1.0415,3262
2,60,MODIS_v1.3,440.0,0.8802,0.9482,1.0129,3285
2,60,MODIS_v1.3,445.0,0.8696,0.9314,0.9911,3308
2,60,MODIS_v1.3,450.0,0.853,0.9066,0.959,3318
2,60,MODIS_v1.3,455.0,0.8644,0.9222,0.9767,3318
2,60,MODIS_v1.3,460.0,0.8843,0.9517,1.0109,3318
2,60,MODIS_v1.3,465.0,0.9048,0.9826,1.0459,3318
2,60,MODIS_v1.3,470.0,0.9279,1.0151,1.081,3318
2,60,MODIS_v1.3,475.0,0.9513,1.0425,1.1086,3320
2,60,MODIS_v1.3,480.0,0.9654,1.0548,1.118,3320
2,60,MODIS_v1.3,485.0,0.9921,1.0849,1.1486,3320
2,60,MODIS_v1.3,490.0,1.0136,1.1029,1.1634,3320
2,60,MODIS_v1.3,495.0,1.0227,1.0974,1.1492,3320
2,60,MODIS_v1.3,500.0,1.0174,1.0754,1.1189,3320
2,60,MODIS_v1.3,505.0,0.9665,1.0008,1.0434,3320
2,60,MODIS_v1.3,510.0,0.8849,0.9118,0.9571,3320
2,60,MODIS_v1.3,515.0,0.8184,0.8449,0.8971,3320
2,60,MODIS_v1.3,520.0,0.8587,0.8831,0.931,3320
2,60,MODIS_v1.3,525.0,0.91,0.9318,0.9733,3320
2,60,MODIS_v1.3,530.0,0.9463,0.9661,1.0029,3320
2,60,MODIS_v1.3,535.0,0.9804,0.9995,1.0316,3320
2,60,MODIS_v1.3,540.0,1.0058,1.0253,1.053,3320
2,60,MODIS_v1.3,545.0,1.0042,1.0233,1.0488,3320
2,60,MODIS_v1.3,550.0,0.9773,0.9959,1.0197,3320
2,60,MODIS_v1.3,555.0,0.987,1.007,1.0289,3320
2,60,MODIS_v1.3,560.0,1.0091,1.0318,1.055,3320
2,60,MODIS_v1.3,565.0,1.036,1.0626,1.0885,3320
2,60,MODIS_v1.3,570.0,1.0354,1.065,1.0925,3320
2,60,MODIS_v1.3,575.0,1.0301,1.0626,1.093,3320
2,60,MODIS_v1.3,580.0,1.0125,1.0504,1.0835,3320
2,60,MODIS_v1.3,585.0,0.9783,1.0218,1.0576,3320
2,60,MODIS_v1.3,590.0,0.9742,1.0249,1.0649,3320
2,60,MODIS_v1.3,595.0,0.9756,1.0295,1.0713,3320
2,60,MODIS_v1.3,600.0,0.8942,0.9431,0.9813,3320
2,60,MODIS_v1.3,605.0,0.8966,0.9448,0.9807,3320
2,60,MODIS_v1.3,610.0,0.9666,1.0155,1.0505,3320
2,60,MODIS_v1.3,615.0,1.0135,1.0627,1.0957,3320
2,60,MODIS_v1.3,620.0,1.019,1.0669,1.0972,3320
2,60,MODIS_v1.3,625.0,1.0109,1.0566,1.0846,3320
2,60,MODIS_v1.3,630.0,0.998,1.0412,1.067,3320
2,60,MODIS_v1.3,635.0,0.9832,1.0237,1.0471,3320
2,60,MODIS_v1.3,640.0,0.9746,1.0122,1.0345,3320
2,60,MODIS_v1.3,645.0,0.9595,0.9945,1.0155,3320
2,60,MODIS_v1.3,650.0,0.9502,0.9838,1.0036,3320
2,60,MODIS_v1.3,655.0,0.9096,0.9399,0.9585,3320
2,60,MODIS_v1.3,660.0,0.8654,0.8926,0.9092,3320
2,60,MODIS_v1.3,665.0,0.8715,0.8989,0.9157,3320
2,60,MODIS_v1.3,670.0,0.9008,0.9299,0.9487,3320
2,60,MODIS_v1.3,675.0,0.9364,0.9698,0.9912,3320
2,60,MODIS_v1.3,680.0,0.9637,0.9996,1.0236,3320
2,60,MODIS_v1.3,685.0,0.988,1.0263,1.053,3320
2,60,MODIS_v1.3,690.0,0.998,1.0388,1.0681,3320
2,60,MODIS_v1.3,695.0,0.9865,1.0304,1.0624,3320
2,60,MODIS_v1.3,700.0,0.9454,0.9918,1.0254,3320
2,60,MODIS_v1.3,705.0,0.8947,0.9437,0.9791,3320
2,60,MODIS_v1.3,710.0,0.8123,0.8618,0.897,3320
2,60,MODIS_v1.3,715.0,0.7096,0.7581,0.7918,3320
2,60,MODIS_v1.3,720.0,0.6162,0.6636,0.6948,3320
2,60,MODIS_v1.3,725.0,0.539,0.5854,0.6152,3320
2,60,MODIS_v1.3,730.0,0.4309,0.4714,0.4968,3320
2,60,MODIS_v1.3,735.0,0.3571,0.3931,0.4156,3320
2,60,MODIS_v1.3,740.0,0.34,0.3763,0.3991,3320
2,60,MODIS_v1.3,745.0,0.3515,0.3909,0.4159,3320
2,60,MODIS_v1.3,750.0,0.3667,0.4095,0.4369,3320
2,60,PACE_v2.3,400.0,0.9378,1.0041,1.0777,3288
2,60,PACE_v2.3,405.0,0.9397,1.0,1.0669,3284
2,60,PACE_v2.3,410.0,0.9433,0.9978,1.0565,3277
2,60,PACE_v2.3,415.0,0.9499,0.9996,1.0529,3269
2,60,PACE_v2.3,420.0,0.9616,1.0086,1.0578,3262
2,60,PACE_v2.3,425.0,0.9687,1.0125,1.0564,3260
2,60,PACE_v2.3,430.0,0.9776,1.0208,1.0617,3256
2,60,PACE_v2.3,435.0,0.9811,1.0253,1.0638,3262
2,60,PACE_v2.3,440.0,0.9757,1.0157,1.0499,3285
2,60,PACE_v2.3,445.0,0.9718,1.0089,1.0411,3308
2,60,PACE_v2.3,450.0,0.9535,0.9863,1.0208,3318
2,60,PACE_v2.3,455.0,0.9684,1.0027,1.0377,3318
2,60,PACE_v2.3,460.0,0.9862,1.0236,1.0569,3318
2,60,PACE_v2.3,465.0,0.9941,1.0342,1.068,3318
2,60,PACE_v2.3,470.0,0.992,1.0343,1.0689,3318
2,60,PACE_v2.3,475.0,0.9789,1.0217,1.0546,3320
2,60,PACE_v2.3,480.0,0.955,0.9931,1.0235,3320
2,60,PACE_v2.3,485.0,0.9525,0.9905,1.0199,3320
2,60,PACE_v2.3,490.0,0.9609,0.9976,1.0248,3320
2,60,PACE_v2.3,495.0,0.9797,1.013,1.0386,3320
2,60,PACE_v2.3,500.0,1.0114,1.0417,1.0658,3320
2,60,PACE_v2.3,505.0,1.0092,1.0328,1.0556,3320
2,60,PACE_v2.3,510.0,0.9715,0.9906,1.0142,3320
2,60,PACE_v2.3,515.0,0.9261,0.9428,0.9672,3320
2,60,PACE_v2.3,520.0,0.9686,0.986,1.0047,3320
2,60,PACE_v2.3,525.0,1.0003,1.0203,1.0393,3320
2,60,PACE_v2.3,530.0,1.0052,1.0271,1.0461,3320
2,60,PACE_v2.3,535.0,1.0064,1.029,1.0475,3320
2,60,PACE_v2.3,540.0,1.0036,1.0252,1.0429,3320
2,60,PACE_v2.3,545.0,0.9834,1.0017,1.017,3320
2,60,PACE_v2.3,550.0,0.9475,0.9619,0.9757,3320
2,60,PACE_v2.3,555.0,0.9541,0.9672,0.9805,3320
2,60,PACE_v2.3,560.0,0.9794,0.9921,1.0052,3320
2,60,PACE_v2.3,565.0,1.0136,1.0268,1.0392,3320
2,60,PACE_v2.3,570.0,1.02,1.0319,1.0435,3320
2,60,PACE_v2.3,575.0,1.0168,1.0278,1.038,3320
2,60,PACE_v2.3,580.0,0.9992,1.0084,1.0166,3320
2,60,PACE_v2.3,585.0,0.9717,0.9798,0.9863,3320
2,60,PACE_v2.3,590.0,0.9937,1.0022,1.0098,3320
2,60,PACE_v2.3,595.0,1.038,1.0466,1.0549,3320
2,60,PACE_v2.3,600.0,0.9769,0.9825,0.9881,3320
2,60,PACE_v2.3,605.0,0.9668,0.9714,0.9751,3320
2,60,PACE_v2.3,610.0,1.0007,1.007,1.011,3320
2,60,PACE_v2.3,615.0,1.0116,1.0187,1.0229,3320
2,60,PACE_v2.3,620.0,0.9984,1.0049,1.0091,3320
2,60,PACE_v2.3,625.0,0.9899,0.9957,0.9998,3320
2,60,PACE_v2.3,630.0,0.9898,0.9952,0.9993,3320
2,60,PACE_v2.3,635.0,0.9948,0.9999,1.0043,3320
2,60,PACE_v2.3,640.0,1.0082,1.0131,1.0178,3320
2,60,PACE_v2.3,645.0,1.0138,1.0186,1.0233,3320
2,60,PACE_v2.3,650.0,1.022,1.0269,1.0317,3320
2,60,PACE_v2.3,655.0,0.9896,0.9944,0.9992,3320
2,60,PACE_v2.3,660.0,0.946,0.951,0.9554,3320
2,60,PACE_v2.3,665.0,0.9521,0.959,0.9632,3320
2,60,PACE_v2.3,670.0,0.9777,0.9876,0.9922,3320
2,60,PACE_v2.3,675.0,1.0076,1.0191,1.0242,3320
2,60,PACE_v2.3,680.0,1.0227,1.0334,1.0386,3320
2,60,PACE_v2.3,685.0,1.0308,1.0395,1.0447,3320
2,60,PACE_v2.3,690.0,1.0202,1.0271,1.0322,3320
2,60,PACE_v2.3,695.0,0.9855,0.9918,0.997,3320
2,60,PACE_v2.3,700.0,0.9213,0.927,0.932,3320
2,60,PACE_v2.3,705.0,0.8497,0.8549,0.8596,3320
2,60,PACE_v2.3,710.0,0.7511,0.7556,0.7598,3320
2,60,PACE_v2.3,715.0,0.6393,0.6431,0.6467,3320
2,60,PACE_v2.3,720.0,0.5409,0.544,0.5471,3320
2,60,PACE_v2.3,725.0,0.4614,0.4641,0.4668,3320
2,60,PACE_v2.3,730.0,0.3593,0.3614,0.3635,3320
2,60,PACE_v2.3,735.0,0.2899,0.2916,0.2933,3320
2,60,PACE_v2.3,740.0,0.2687,0.2702,0.2718,3320
2,60,PACE_v2.3,745.0,0.2703,0.272,0.2736,3320
2,60,PACE_v2.3,750.0,0.2746,0.2763,0.2779,3320
1,0,MODIS_v1.1,400.0,1.002,1.1037,1.2885,3213
1,0,MODIS_v1.1,405.0,1.0141,1.1064,1.2699,3197
1,0,MODIS_v1.1,410.0,1.0258,1.1107,1.2509,3170
1,0,MODIS_v1.1,415.0,1.0378,1.1138,1.2355,3151
1,0,MODIS_v1.1,420.0,1.0517,1.1213,1.2257,3128
1,0,MODIS_v1.1,425.0,1.0558,1.1184,1.2118,3112
1,0,MODIS_v1.1,430.0,1.0608,1.1197,1.1999,3102
1,0,MODIS_v1.1,435.0,1.0578,1.1138,1.1859,3102
1,0,MODIS_v1.1,440.0,1.0402,1.0914,1.159,3141
1,0,MODIS_v1.1,445.0,1.0247,1.0741,1.1408,3167
1,0,MODIS_v1.1,450.0,0.9974,1.0441,1.1119,3235
1,0,MODIS_v1.1,455.0,1.0103,1.0569,1.1218,3235
1,0,MODIS_v1.1,460.0,1.0323,1.0811,1.141,3227
1,0,MODIS_v1.1,465.0,1.0525,1.1028,1.1603,3221
1,0,MODIS_v1.1,470.0,1.0708,1.1226,1.1795,3223
1,0,MODIS_v1.1,475.0,1.0817,1.134,1.1896,3244
1,0,MODIS_v1.1,480.0,1.0774,1.1271,1.1814,3288
1,0,MODIS_v1.1,485.0,1.0867,1.1343,1.1887,3313
1,0,MODIS_v1.1,490.0,1.0824,1.1271,1.1785,3319
1,0,MODIS_v1.1,495.0,1.0552,1.0948,1.1456,3320
1,0,MODIS_v1.1,500.0,1.0128,1.045,1.106,3320
1,0,MODIS_v1.1,505.0,0.9217,0.9479,1.0338,3320
1,0,MODIS_v1.1,510.0,0.8146,0.8434,0.9501,3320
1,0,MODIS_v1.1,515.0,0.7352,0.7641,0.8783,3320
1,0,MODIS_v1.1,520.0,0.7611,0.786,0.8935,3320
1,0,MODIS_v1.1,525.0,0.7994,0.8206,0.9164,3320
1,0,MODIS_v1.1,530.0,0.8286,0.8475,0.9314,3320
1,0,MODIS_v1.1,535.0,0.8623,0.8807,0.9513,3320
1,0,MODIS_v1.1,540.0,0.8964,0.9151,0.9729,3320
1,0,MODIS_v1.1,545.0,0.9148,0.9339,0.98,3320
1,0,MODIS_v1.1,550.0,0.9184,0.9386,0.9793,3320
1,0,MODIS_v1.1,555.0,0.9657,0.9885,1.0284,3320
1,0,MODIS_v1.1,560.0,1.0351,1.0611,1.1037,3320
1,0,MODIS_v1.1,565.0,1.1167,1.1467,1.1936,3320
1,0,MODIS_v1.1,570.0,1.1647,1.1985,1.2486,3320
1,0,MODIS_v1.1,575.0,1.1889,1.2269,1.2774,3320
1,0,MODIS_v1.1,580.0,1.1679,1.206,1.2561,3320
1,0,MODIS_v1.1,585.0,1.0861,1.1232,1.1698,3320
1,0,MODIS_v1.1,590.0,1.0045,1.0406,1.0819,3320
1,0,MODIS_v1.1,595.0,0.9166,0.9505,0.9869,3320
1,0,MODIS_v1.1,600.0,0.7736,0.8032,0.8326,3320
1,0,MODIS_v1.1,605.0,0.7403,0.7688,0.7954,3320
1,0,MODIS_v1.1,610.0,0.7912,0.8221,0.849,3320
1,0,MODIS_v1.1,615.0,0.8506,0.8836,0.9109,3320
1,0,MODIS_v1.1,620.0,0.8948,0.929,0.9561,3320
1,0,MODIS_v1.1,625.0,0.9359,0.9713,0.9974,3320
1,0,MODIS_v1.1,630.0,0.9743,1.0102,1.035,3320
1,0,MODIS_v1.1,635.0,1.0058,1.042,1.0657,3320
1,0,MODIS_v1.1,640.0,1.0347,1.0718,1.0951,3320
1,0,MODIS_v1.1,645.0,1.0481,1.0849,1.1082,3320
1,0,MODIS_v1.1,650.0,1.0585,1.0955,1.1191,3320
1,0,MODIS_v1.1,655.0,1.0239,1.059,1.0824,3320
1,0,MODIS_v1.1,660.0,0.9746,1.0086,1.0327,3320
1,0,MODIS_v1.1,665.0,0.9767,1.0125,1.0391,3320
1,0,MODIS_v1.1,670.0,0.9982,1.0388,1.0692,3320
1,0,MODIS_v1.1,675.0,1.0246,1.0702,1.1047,3320
1,0,MODIS_v1.1,680.0,1.0373,1.0863,1.1238,3320
1,0,MODIS_v1.1,685.0,1.0454,1.0962,1.1364,3320
1,0,MODIS_v1.1,690.0,1.0369,1.0892,1.1324,3320
1,0,MODIS_v1.1,695.0,1.0067,1.0609,1.1057,3320
1,0,MODIS_v1.1,700.0,0.9458,1.0022,1.0483,3320
1,0,MODIS_v1.1,705.0,0.8779,0.9371,0.9835,3320
1,0,MODIS_v1.1,710.0,0.783,0.8421,0.8862,3320
1,0,MODIS_v1.1,715.0,0.6737,0.7299,0.7706,3320
1,0,MODIS_v1.1,720.0,0.5777,0.6308,0.668,3320
1,0,MODIS_v1.1,725.0,0.5007,0.5508,0.5853,3320
1,0,MODIS_v1.1,730.0,0.3968,0.44,0.4691,3320
1,0,MODIS_v1.1,735.0,0.3268,0.3649,0.3905,3320
1,0,MODIS_v1.1,740.0,0.3093,0.3482,0.3737,3320
1,0,MODIS_v1.1,745.0,0.3186,0.3614,0.389,3320
1,0,MODIS_v1.1,750.0,0.3318,0.3791,0.4097,3320
1,0,MODIS_v1.3,400.0,0.9446,1.0323,1.1589,3213
1,0,MODIS_v1.3,405.0,0.9416,1.0216,1.1406,3197
1,0,MODIS_v1.3,410.0,0.9375,1.0105,1.1189,3170
1,0,MODIS_v1.3,415.0,0.9337,1.0009,1.1011,3151
1,0,MODIS_v1.3,420.0,0.9338,0.9974,1.0887,3128
1,0,MODIS_v1.3,425.0,0.9262,0.987,1.0727,3112
1,0,MODIS_v1.3,430.0,0.9211,0.9798,1.0576,3102
1,0,MODIS_v1.3,435.0,0.9112,0.9695,1.042,3102
1,0,MODIS_v1.3,440.0,0.8922,0.9481,1.0172,3141
1,0,MODIS_v1.3,445.0,0.879,0.9332,0.9994,3167
1,0,MODIS_v1.3,450.0,0.8588,0.9086,0.9744,3235
1,0,MODIS_v1.3,455.0,0.8745,0.9253,0.9899,3235
1,0,MODIS_v1.3,460.0,0.8987,0.9538,1.0153,3227
1,0,MODIS_v1.3,465.0,0.9228,0.9857,1.0471,3221
1,0,MODIS_v1.3,470.0,0.95,1.0182,1.0821,3223
1,0,MODIS_v1.3,475.0,0.9751,1.0463,1.1113,3244
1,0,MODIS_v1.3,480.0,0.9897,1.0606,1.1241,3288
1,0,MODIS_v1.3,485.0,1.0167,1.0912,1.1556,3313
1,0,MODIS_v1.3,490.0,1.0364,1.1097,1.173,3319
1,0,MODIS_v1.3,495.0,1.0391,1.1042,1.1608,3320
1,0,MODIS_v1.3,500.0,1.0281,1.0813,1.1308,3320
1,0,MODIS_v1.3,505.0,0.9716,1.0075,1.0542,3320
1,0,MODIS_v1.3,510.0,0.889,0.9148,0.9683,3320
1,0,MODIS_v1.3,515.0,0.8231,0.8442,0.9011,3320
1,0,MODIS_v1.3,520.0,0.8616,0.8814,0.9292,3320
1,0,MODIS_v1.3,525.0,0.9077,0.9303,0.9662,3320
1,0,MODIS_v1.3,530.0,0.9374,0.9621,0.9902,3320
1,0,MODIS_v1.3,535.0,0.9629,0.9906,1.0187,3320
1,0,MODIS_v1.3,540.0,0.9803,1.01,1.0393,3320
1,0,MODIS_v1.3,545.0,0.971,1.0023,1.0326,3320
1,0,MODIS_v1.3,550.0,0.9395,0.9703,1.0001,3320
1,0,MODIS_v1.3,555.0,0.942,0.9748,1.0073,3320
1,0,MODIS_v1.3,560.0,0.9583,0.9946,1.0306,3320
1,0,MODIS_v1.3,565.0,0.9811,1.0224,1.0647,3320
1,0,MODIS_v1.3,570.0,0.9842,1.0265,1.0724,3320
1,0,MODIS_v1.3,575.0,0.9876,1.0322,1.08,3320
1,0,MODIS_v1.3,580.0,0.9865,1.0321,1.0792,3320
1,0,MODIS_v1.3,585.0,0.9717,1.0163,1.0628,3320
1,0,MODIS_v1.3,590.0,0.9835,1.0283,1.0734,3320
1,0,MODIS_v1.3,595.0,0.9924,1.0333,1.074,3320
1,0,MODIS_v1.3,600.0,0.9079,0.94,0.9725,3320
1,0,MODIS_v1.3,605.0,0.9047,0.9316,0.9613,3320
1,0,MODIS_v1.3,610.0,0.9673,0.9926,1.0227,3320
1,0,MODIS_v1.3,615.0,1.0106,1.0356,1.0653,3320
1,0,MODIS_v1.3,620.0,1.016,1.0421,1.0709,3320
1,0,MODIS_v1.3,625.0,1.0112,1.0383,1.0663,3320
1,0,MODIS_v1.3,630.0,1.0039,1.0313,1.059,3320
1,0,MODIS_v1.3,635.0,0.9946,1.0226,1.0507,3320
1,0,MODIS_v1.3,640.0,0.9906,1.02,1.0489,3320
1,0,MODIS_v1.3,645.0,0.9791,1.0102,1.0405,3320
1,0,MODIS_v1.3,650.0,0.9728,1.0064,1.0389,3320
1,0,MODIS_v1.3,655.0,0.9329,0.9676,1.0014,3320
1,0,MODIS_v1.3,660.0,0.8878,0.9236,0.9591,3320
1,0,MODIS_v1.3,665.0,0.8926,0.9347,0.9743,3320
1,0,MODIS_v1.3,670.0,0.9192,0.9716,1.0171,3320
1,0,MODIS_v1.3,675.0,0.9552,1.0172,1.0683,3320
1,0,MODIS_v1.3,680.0,0.9814,1.0509,1.1072,3320
1,0,MODIS_v1.3,685.0,1.0061,1.0804,1.1421,3320
1,0,MODIS_v1.3,690.0,1.0147,1.0951,1.1611,3320
1,0,MODIS_v1.3,695.0,1.0024,1.0877,1.157,3320
1,0,MODIS_v1.3,700.0,0.9588,1.0472,1.1183,3320
1,0,MODIS_v1.3,705.0,0.9074,0.9966,1.0684,3320
1,0,MODIS_v1.3,710.0,0.8244,0.9097,0.9799,3320
1,0,MODIS_v1.3,715.0,0.7221,0.8005,0.8653,3320
1,0,MODIS_v1.3,720.0,0.6289,0.7005,0.7595,3320
1,0,MODIS_v1.3,725.0,0.5525,0.6181,0.6722,3320
1,0,MODIS_v1.3,730.0,0.4431,0.4976,0.543,3320
1,0,MODIS_v1.3,735.0,0.3684,0.4152,0.4542,3320
1,0,MODIS_v1.3,740.0,0.3514,0.3976,0.4362,3320
1,0,MODIS_v1.3,745.0,0.3641,0.4135,0.4547,3320
1,0,MODIS_v1.3,750.0,0.3803,0.4337,0.4778,3320
1,0,PACE_v2.3,400.0,0.9032,0.9654,1.042,3213
1,0,PACE_v2.3,405.0,0.9052,0.9611,1.0295,3197
1,0,PACE_v2.3,410.0,0.9082,0.9586,1.0197,3170
1,0,PACE_v2.3,415.0,0.9141,0.9591,1.0132,3151
1,0,PACE_v2.3,420.0,0.9259,0.9665,1.0144,3128
1,0,PACE_v2.3,425.0,0.9313,0.9692,1.0121,3112
1,0,PACE_v2.3,430.0,0.9395,0.975,1.0137,3102
1,0,PACE_v2.3,435.0,0.9427,0.978,1.0111,3102
1,0,PACE_v2.3,440.0,0.9333,0.967,1.0004,3141
1,0,PACE_v2.3,445.0,0.9252,0.959,0.9963,3167
1,0,PACE_v2.3,450.0,0.9033,0.9369,0.9825,3235
1,0,PACE_v2.3,455.0,0.9198,0.9523,0.9939,3235
1,0,PACE_v2.3,460.0,0.9402,0.973,1.0082,3227
1,0,PACE_v2.3,465.0,0.9532,0.9866,1.0177,3221
1,0,PACE_v2.3,470.0,0.956,0.9927,1.0216,3223
1,0,PACE_v2.3,475.0,0.9475,0.9875,1.0159,3244
1,0,PACE_v2.3,480.0,0.9281,0.9659,0.9925,3288
1,0,PACE_v2.3,485.0,0.9268,0.9662,0.9948,3313
1,0,PACE_v2.3,490.0,0.9349,0.9728,1.0014,3319
1,0,PACE_v2.3,495.0,0.9511,0.9862,1.0125,3320
1,0,PACE_v2.3,500.0,0.9798,1.0106,1.0359,3320
1,0,PACE_v2.3,505.0,0.9771,1.0001,1.0237,3320
1,0,PACE_v2.3,510.0,0.9427,0.9608,0.9844,3320
1,0,PACE_v2.3,515.0,0.9008,0.9174,0.9414,3320
1,0,PACE_v2.3,520.0,0.9441,0.9628,0.9859,3320
1,0,PACE_v2.3,525.0,0.9779,1.0003,1.0237,3320
1,0,PACE_v2.3,530.0,0.9856,1.0101,1.0342,3320
1,0,PACE_v2.3,535.0,0.9885,1.0148,1.0386,3320
1,0,PACE_v2.3,540.0,0.988,1.0142,1.0361,3320
1,0,PACE_v2.3,545.0,0.9705,0.9932,1.0127,3320
1,0,PACE_v2.3,550.0,0.9382,0.9558,0.972,3320
1,0,PACE_v2.3,555.0,0.9456,0.9622,0.9768,3320
1,0,PACE_v2.3,560.0,0.9707,0.9873,1.0008,3320
1,0,PACE_v2.3,565.0,1.0033,1.0205,1.0332,3320
1,0,PACE_v2.3,570.0,1.008,1.0235,1.0351,3320
1,0,PACE_v2.3,575.0,1.0031,1.0166,1.0271,3320
1,0,PACE_v2.3,580.0,0.984,0.9961,1.0043,3320
1,0,PACE_v2.3,585.0,0.9571,0.9685,0.9749,3320
1,0,PACE_v2.3,590.0,0.9832,0.9958,1.0032,3320
1,0,PACE_v2.3,595.0,1.0335,1.0462,1.0546,3320
1,0,PACE_v2.3,600.0,0.977,0.9852,0.9907,3320
1,0,PACE_v2.3,605.0,0.9671,0.9746,0.9788,3320
1,0,PACE_v2.3,610.0,1.0018,1.0099,1.0152,3320
1,0,PACE_v2.3,615.0,1.013,1.0212,1.0273,3320
1,0,PACE_v2.3,620.0,0.9986,1.0066,1.0129,3320
1,0,PACE_v2.3,625.0,0.9877,0.9958,1.002,3320
1,0,PACE_v2.3,630.0,0.9851,0.9929,0.9992,3320
1,0,PACE_v2.3,635.0,0.9879,0.9953,1.0015,3320
1,0,PACE_v2.3,640.0,0.9987,1.0061,1.0123,3320
1,0,PACE_v2.3,645.0,1.002,1.0095,1.0159,3320
1,0,PACE_v2.3,650.0,1.0089,1.0161,1.0225,3320
1,0,PACE_v2.3,655.0,0.9763,0.9832,0.9895,3320
1,0,PACE_v2.3,660.0,0.9335,0.9398,0.9456,3320
1,0,PACE_v2.3,665.0,0.9414,0.9477,0.9535,3320
1,0,PACE_v2.3,670.0,0.97,0.977,0.9829,3320
1,0,PACE_v2.3,675.0,1.0029,1.0103,1.0165,3320
1,0,PACE_v2.3,680.0,1.021,1.0279,1.0341,3320
1,0,PACE_v2.3,685.0,1.0324,1.0384,1.0443,3320
1,0,PACE_v2.3,690.0,1.0258,1.0311,1.0378,3320
1,0,PACE_v2.3,695.0,0.9965,1.0016,1.0083,3320
1,0,PACE_v2.3,700.0,0.9376,0.9424,0.949,3320
1,0,PACE_v2.3,705.0,0.8714,0.8758,0.8823,3320
1,0,PACE_v2.3,710.0,0.7767,0.7805,0.7865,3320
1,0,PACE_v2.3,715.0,0.6667,0.67,0.6756,3320
1,0,PACE_v2.3,720.0,0.5694,0.5723,0.5773,3320
1,0,PACE_v2.3,725.0,0.4909,0.4933,0.4978,3320
1,0,PACE_v2.3,730.0,0.3864,0.3883,0.3919,3320
1,0,PACE_v2.3,735.0,0.3154,0.3169,0.32,3320
1,0,PACE_v2.3,740.0,0.2958,0.2972,0.3002,3320
1,0,PACE_v2.3,745.0,0.3014,0.3029,0.306,3320
1,0,PACE_v2.3,750.0,0.3102,0.3118,0.3149,3320
1,30,MODIS_v1.1,400.0,0.9924,1.0908,1.264,3247
1,30,MODIS_v1.1,405.0,1.0052,1.0953,1.2463,3235
1,30,MODIS_v1.1,410.0,1.0178,1.0997,1.2308,3223
1,30,MODIS_v1.1,415.0,1.0304,1.1053,1.2184,3206
1,30,MODIS_v1.1,420.0,1.0451,1.1135,1.2108,3182
1,30,MODIS_v1.1,425.0,1.0502,1.1123,1.1988,3168
1,30,MODIS_v1.1,430.0,1.0554,1.1139,1.1906,3160
1,30,MODIS_v1.1,435.0,1.0527,1.1086,1.1781,3158
1,30,MODIS_v1.1,440.0,1.0367,1.0871,1.1526,3201
1,30,MODIS_v1.1,445.0,1.0227,1.0705,1.135,3235
1,30,MODIS_v1.1,450.0,0.9961,1.041,1.1054,3282
1,30,MODIS_v1.1,455.0,1.0103,1.0555,1.1175,3282
1,30,MODIS_v1.1,460.0,1.0317,1.0798,1.138,3277
1,30,MODIS_v1.1,465.0,1.0525,1.1028,1.1597,3276
1,30,MODIS_v1.1,470.0,1.0717,1.1228,1.1805,3279
1,30,MODIS_v1.1,475.0,1.0837,1.1357,1.1927,3297
1,30,MODIS_v1.1,480.0,1.0805,1.1289,1.1836,3317
1,30,MODIS_v1.1,485.0,1.0899,1.137,1.1902,3319
1,30,MODIS_v1.1,490.0,1.0866,1.1308,1.1813,3320
1,30,MODIS_v1.1,495.0,1.0608,1.1003,1.1473,3320
1,30,MODIS_v1.1,500.0,1.0185,1.0511,1.1086,3320
1,30,MODIS_v1.1,505.0,0.9276,0.9548,1.0354,3320
1,30,MODIS_v1.1,510.0,0.8197,0.8503,0.9539,3320
1,30,MODIS_v1.1,515.0,0.7404,0.7709,0.8822,3320
1,30,MODIS_v1.1,520.0,0.7667,0.7939,0.8971,3320
1,30,MODIS_v1.1,525.0,0.8056,0.8291,0.9222,3320
1,30,MODIS_v1.1,530.0,0.8356,0.856,0.9383,3320
1,30,MODIS_v1.1,535.0,0.87,0.8896,0.9585,3320
1,30,MODIS_v1.1,540.0,0.9045,0.9245,0.9808,3320
1,30,MODIS_v1.1,545.0,0.9233,0.9439,0.9887,3320
1,30,MODIS_v1.1,550.0,0.9264,0.9483,0.9873,3320
1,30,MODIS_v1.1,555.0,0.974,0.998,1.0366,3320
1,30,MODIS_v1.1,560.0,1.0437,1.0717,1.1125,3320
1,30,MODIS_v1.1,565.0,1.1251,1.1572,1.2038,3320
1,30,MODIS_v1.1,570.0,1.1733,1.2096,1.2582,3320
1,30,MODIS_v1.1,575.0,1.1972,1.2372,1.2877,3320
1,30,MODIS_v1.1,580.0,1.1753,1.2156,1.2654,3320
1,30,MODIS_v1.1,585.0,1.0932,1.1322,1.1774,3320
1,30,MODIS_v1.1,590.0,1.011,1.0489,1.0896,3320
1,30,MODIS_v1.1,595.0,0.9226,0.9578,0.9938,3320
1,30,MODIS_v1.1,600.0,0.7788,0.8094,0.8386,3320
1,30,MODIS_v1.1,605.0,0.7452,0.7748,0.8013,3320
1,30,MODIS_v1.1,610.0,0.7969,0.8285,0.8552,3320
1,30,MODIS_v1.1,615.0,0.8567,0.8902,0.9173,3320
1,30,MODIS_v1.1,620.0,0.9012,0.9361,0.9623,3320
1,30,MODIS_v1.1,625.0,0.9423,0.9787,1.0039,3320
1,30,MODIS_v1.1,630.0,0.9809,1.0176,1.0416,3320
1,30,MODIS_v1.1,635.0,1.0127,1.0493,1.0719,3320
1,30,MODIS_v1.1,640.0,1.0415,1.0792,1.1015,3320
1,30,MODIS_v1.1,645.0,1.0553,1.0925,1.1142,3320
1,30,MODIS_v1.1,650.0,1.0657,1.1027,1.1246,3320
1,30,MODIS_v1.1,655.0,1.0308,1.0654,1.0877,3320
1,30,MODIS_v1.1,660.0,0.9809,1.0143,1.0378,3320
1,30,MODIS_v1.1,665.0,0.9821,1.018,1.0436,3320
1,30,MODIS_v1.1,670.0,1.0032,1.0443,1.0736,3320
1,30,MODIS_v1.1,675.0,1.0303,1.0757,1.1089,3320
1,30,MODIS_v1.1,680.0,1.0426,1.0913,1.128,3320
1,30,MODIS_v1.1,685.0,1.0497,1.1009,1.1411,3320
1,30,MODIS_v1.1,690.0,1.0409,1.0937,1.1366,3320
1,30,MODIS_v1.1,695.0,1.01,1.0646,1.1097,3320
1,30,MODIS_v1.1,700.0,0.9488,1.0056,1.0516,3320
1,30,MODIS_v1.1,705.0,0.8812,0.9401,0.9863,3320
1,30,MODIS_v1.1,710.0,0.7861,0.8447,0.8886,3320
1,30,MODIS_v1.1,715.0,0.6771,0.7324,0.7728,3320
1,30,MODIS_v1.1,720.0,0.5803,0.6327,0.6697,3320
1,30,MODIS_v1.1,725.0,0.5028,0.5524,0.5867,3320
1,30,MODIS_v1.1,730.0,0.3986,0.4411,0.47,3320
1,30,MODIS_v1.1,735.0,0.3281,0.3656,0.3911,3320
1,30,MODIS_v1.1,740.0,0.3106,0.3486,0.3742,3320
1,30,MODIS_v1.1,745.0,0.3198,0.3618,0.3897,3320
1,30,MODIS_v1.1,750.0,0.3328,0.3796,0.4103,3320
1,30,MODIS_v1.3,400.0,0.9226,1.0077,1.1288,3247
1,30,MODIS_v1.3,405.0,0.9199,0.9971,1.1077,3235
1,30,MODIS_v1.3,410.0,0.9159,0.9861,1.0884,3223
1,30,MODIS_v1.3,415.0,0.913,0.977,1.0714,3206
1,30,MODIS_v1.3,420.0,0.9124,0.9723,1.06,3182
1,30,MODIS_v1.3,425.0,0.9053,0.9634,1.0452,3168
1,30,MODIS_v1.3,430.0,0.9002,0.9567,1.0306,3160
1,30,MODIS_v1.3,435.0,0.8908,0.9473,1.0172,3158
1,30,MODIS_v1.3,440.0,0.8721,0.9264,0.9926,3201
1,30,MODIS_v1.3,445.0,0.8606,0.9119,0.9747,3235
1,30,MODIS_v1.3,450.0,0.8419,0.8888,0.9511,3282
1,30,MODIS_v1.3,455.0,0.8568,0.9055,0.965,3282
1,30,MODIS_v1.3,460.0,0.8798,0.9351,0.9933,3277
1,30,MODIS_v1.3,465.0,0.905,0.967,1.0272,3276
1,30,MODIS_v1.3,470.0,0.9315,0.9996,1.0631,3279
1,30,MODIS_v1.3,475.0,0.9557,1.0276,1.0914,3297
1,30,MODIS_v1.3,480.0,0.9711,1.0426,1.104,3317
1,30,MODIS_v1.3,485.0,0.9984,1.0735,1.1363,3319
1,30,MODIS_v1.3,490.0,1.0182,1.0923,1.1537,3320
1,30,MODIS_v1.3,495.0,1.0248,1.0886,1.1425,3320
1,30,MODIS_v1.3,500.0,1.0159,1.0672,1.1151,3320
1,30,MODIS_v1.3,505.0,0.9612,0.9957,1.0419,3320
1,30,MODIS_v1.3,510.0,0.881,0.9064,0.9578,3320
1,30,MODIS_v1.3,515.0,0.816,0.8388,0.8951,3320
1,30,MODIS_v1.3,520.0,0.857,0.8765,0.9263,3320
1,30,MODIS_v1.3,525.0,0.9056,0.9264,0.9647,3320
1,30,MODIS_v1.3,530.0,0.9385,0.9612,0.9904,3320
1,30,MODIS_v1.3,535.0,0.9677,0.9929,1.0188,3320
1,30,MODIS_v1.3,540.0,0.988,1.0152,1.0421,3320
1,30,MODIS_v1.3,545.0,0.9823,1.0107,1.0379,3320
1,30,MODIS_v1.3,550.0,0.9534,0.9811,1.008,3320
1,30,MODIS_v1.3,555.0,0.9589,0.9895,1.0178,3320
1,30,MODIS_v1.3,560.0,0.9778,1.0113,1.0437,3320
1,30,MODIS_v1.3,565.0,1.0033,1.0411,1.0779,3320
1,30,MODIS_v1.3,570.0,1.0064,1.0458,1.0855,3320
1,30,MODIS_v1.3,575.0,1.009,1.0502,1.0919,3320
1,30,MODIS_v1.3,580.0,1.0049,1.0475,1.0894,3320
1,30,MODIS_v1.3,585.0,0.9857,1.0292,1.0709,3320
1,30,MODIS_v1.3,590.0,0.9962,1.0409,1.081,3320
1,30,MODIS_v1.3,595.0,1.004,1.0467,1.0836,3320
1,30,MODIS_v1.3,600.0,0.9201,0.9547,0.9845,3320
1,30,MODIS_v1.3,605.0,0.9194,0.9486,0.9757,3320
1,30,MODIS_v1.3,610.0,0.985,1.012,1.0395,3320
1,30,MODIS_v1.3,615.0,1.0294,1.0555,1.0832,3320
1,30,MODIS_v1.3,620.0,1.0353,1.0608,1.0877,3320
1,30,MODIS_v1.3,625.0,1.029,1.0548,1.0806,3320
1,30,MODIS_v1.3,630.0,1.0189,1.0454,1.0704,3320
1,30,MODIS_v1.3,635.0,1.0075,1.0343,1.0587,3320
1,30,MODIS_v1.3,640.0,1.0021,1.0296,1.0545,3320
1,30,MODIS_v1.3,645.0,0.9888,1.0175,1.0437,3320
1,30,MODIS_v1.3,650.0,0.9815,1.012,1.0393,3320
1,30,MODIS_v1.3,655.0,0.94,0.9717,0.9998,3320
1,30,MODIS_v1.3,660.0,0.8939,0.926,0.9554,3320
1,30,MODIS_v1.3,665.0,0.8994,0.9355,0.9693,3320
1,30,MODIS_v1.3,670.0,0.9268,0.971,1.01,3320
1,30,MODIS_v1.3,675.0,0.9617,1.0158,1.0603,3320
1,30,MODIS_v1.3,680.0,0.988,1.049,1.0984,3320
1,30,MODIS_v1.3,685.0,1.0131,1.0786,1.1327,3320
1,30,MODIS_v1.3,690.0,1.0231,1.0928,1.1509,3320
1,30,MODIS_v1.3,695.0,1.0103,1.085,1.1464,3320
1,30,MODIS_v1.3,700.0,0.9674,1.0448,1.1077,3320
1,30,MODIS_v1.3,705.0,0.9147,0.9942,1.0581,3320
1,30,MODIS_v1.3,710.0,0.8299,0.9076,0.9694,3320
1,30,MODIS_v1.3,715.0,0.7263,0.7981,0.8557,3320
1,30,MODIS_v1.3,720.0,0.6328,0.6981,0.7516,3320
1,30,MODIS_v1.3,725.0,0.5557,0.6161,0.665,3320
1,30,MODIS_v1.3,730.0,0.4456,0.4961,0.5371,3320
1,30,MODIS_v1.3,735.0,0.3702,0.4138,0.4493,3320
1,30,MODIS_v1.3,740.0,0.3525,0.3961,0.4312,3320
1,30,MODIS_v1.3,745.0,0.3639,0.4117,0.4493,3320
1,30,MODIS_v1.3,750.0,0.3795,0.4317,0.4721,3320
1,30,PACE_v2.3,400.0,0.9286,0.9902,1.0707,3247
1,30,PACE_v2.3,405.0,0.9279,0.9841,1.0552,3235
1,30,PACE_v2.3,410.0,0.9294,0.9794,1.0423,3223
1,30,PACE_v2.3,415.0,0.9342,0.9784,1.0324,3206
1,30,PACE_v2.3,420.0,0.9436,0.9833,1.0302,3182
1,30,PACE_v2.3,425.0,0.9475,0.9832,1.0245,3168
1,30,PACE_v2.3,430.0,0.955,0.9887,1.0239,3160
1,30,PACE_v2.3,435.0,0.9577,0.9903,1.0213,3158
1,30,PACE_v2.3,440.0,0.9473,0.9783,1.0078,3201
1,30,PACE_v2.3,445.0,0.9384,0.9684,1.0037,3235
1,30,PACE_v2.3,450.0,0.9146,0.947,0.9904,3282
1,30,PACE_v2.3,455.0,0.9308,0.9622,1.0028,3282
1,30,PACE_v2.3,460.0,0.9514,0.9826,1.0173,3277
1,30,PACE_v2.3,465.0,0.9652,0.9958,1.0266,3276
1,30,PACE_v2.3,470.0,0.9684,1.0014,1.0296,3279
1,30,PACE_v2.3,475.0,0.9609,0.9943,1.0214,3297
1,30,PACE_v2.3,480.0,0.9402,0.9717,0.998,3317
1,30,PACE_v2.3,485.0,0.9406,0.9726,0.9978,3319
1,30,PACE_v2.3,490.0,0.9499,0.981,1.0059,3320
1,30,PACE_v2.3,495.0,0.9681,0.9961,1.0204,3320
1,30,PACE_v2.3,500.0,0.9973,1.023,1.0469,3320
1,30,PACE_v2.3,505.0,0.9929,1.0143,1.0386,3320
1,30,PACE_v2.3,510.0,0.9555,0.9748,1.0009,3320
1,30,PACE_v2.3,515.0,0.9114,0.9291,0.9565,3320
1,30,PACE_v2.3,520.0,0.9555,0.973,0.9959,3320
1,30,PACE_v2.3,525.0,0.9883,1.008,1.0305,3320
1,30,PACE_v2.3,530.0,0.9947,1.0155,1.0377,3320
1,30,PACE_v2.3,535.0,0.9966,1.0179,1.0396,3320
1,30,PACE_v2.3,540.0,0.994,1.0149,1.035,3320
1,30,PACE_v2.3,545.0,0.974,0.9917,1.01,3320
1,30,PACE_v2.3,550.0,0.9385,0.9525,0.9682,3320
1,30,PACE_v2.3,555.0,0.9442,0.9572,0.9717,3320
1,30,PACE_v2.3,560.0,0.9685,0.981,0.9943,3320
1,30,PACE_v2.3,565.0,1.0013,1.0135,1.026,3320
1,30,PACE_v2.3,570.0,1.0056,1.017,1.0284,3320
1,30,PACE_v2.3,575.0,1.0011,1.0113,1.0216,3320
1,30,PACE_v2.3,580.0,0.9825,0.9918,1.0001,3320
1,30,PACE_v2.3,585.0,0.9555,0.9646,0.9716,3320
1,30,PACE_v2.3,590.0,0.9798,0.9899,0.9993,3320
1,30,PACE_v2.3,595.0,1.0281,1.0392,1.0499,3320
1,30,PACE_v2.3,600.0,0.9724,0.9802,0.9882,3320
1,30,PACE_v2.3,605.0,0.9663,0.9719,0.9771,3320
1,30,PACE_v2.3,610.0,1.0032,1.0085,1.0126,3320
1,30,PACE_v2.3,615.0,1.0148,1.0203,1.0241,3320
1,30,PACE_v2.3,620.0,1.0004,1.0056,1.0093,3320
1,30,PACE_v2.3,625.0,0.9896,0.995,0.9987,3320
1,30,PACE_v2.3,630.0,0.9873,0.9929,0.9969,3320
1,30,PACE_v2.3,635.0,0.9904,0.9964,1.0006,3320
1,30,PACE_v2.3,640.0,1.0024,1.0086,1.0133,3320
1,30,PACE_v2.3,645.0,1.0072,1.0134,1.0185,3320
1,30,PACE_v2.3,650.0,1.0152,1.0216,1.027,3320
1,30,PACE_v2.3,655.0,0.9837,0.9898,0.9954,3320
1,30,PACE_v2.3,660.0,0.9413,0.9471,0.9528,3320
1,30,PACE_v2.3,665.0,0.9498,0.956,0.9617,3320
1,30,PACE_v2.3,670.0,0.9787,0.9861,0.992,3320
1,30,PACE_v2.3,675.0,1.0117,1.0198,1.0261,3320
1,30,PACE_v2.3,680.0,1.0294,1.037,1.0434,3320
1,30,PACE_v2.3,685.0,1.0404,1.0465,1.0531,3320
1,30,PACE_v2.3,690.0,1.0322,1.0379,1.0449,3320
1,30,PACE_v2.3,695.0,1.001,1.0064,1.0136,3320
1,30,PACE_v2.3,700.0,0.9398,0.9446,0.9519,3320
1,30,PACE_v2.3,705.0,0.871,0.8754,0.8825,3320
1,30,PACE_v2.3,710.0,0.7736,0.7776,0.7842,3320
1,30,PACE_v2.3,715.0,0.6618,0.6652,0.671,3320
1,30,PACE_v2.3,720.0,0.5629,0.5657,0.5707,3320
1,30,PACE_v2.3,725.0,0.483,0.4854,0.4897,3320
1,30,PACE_v2.3,730.0,0.3783,0.3802,0.3836,3320
1,30,PACE_v2.3,735.0,0.3071,0.3086,0.3114,3320
1,30,PACE_v2.3,740.0,0.2863,0.2877,0.2903,3320
1,30,PACE_v2.3,745.0,0.29,0.2914,0.2941,3320
1,30,PACE_v2.3,750.0,0.2965,0.2979,0.3006,3320
1,60,MODIS_v1.1,400.0,0.9886,1.0856,1.2379,3294
1,60,MODIS_v1.1,405.0,1.0023,1.0912,1.2249,3288
1,60,MODIS_v1.1,410.0,1.0147,1.0954,1.2116,3281
1,60,MODIS_v1.1,415.0,1.0259,1.1004,1.2028,3277
1,60,MODIS_v1.1,420.0,1.0407,1.1083,1.1993,3268
1,60,MODIS_v1.1,425.0,1.0447,1.1075,1.1911,3269
1,60,MODIS_v1.1,430.0,1.0501,1.1087,1.1831,3263
1,60,MODIS_v1.1,435.0,1.0478,1.1035,1.1726,3266
1,60,MODIS_v1.1,440.0,1.0314,1.0823,1.1477,3289
1,60,MODIS_v1.1,445.0,1.018,1.0652,1.1292,3310
1,60,MODIS_v1.1,450.0,0.992,1.0361,1.0953,3318
1,60,MODIS_v1.1,455.0,1.0066,1.0512,1.1081,3318
1,60,MODIS_v1.1,460.0,1.0272,1.0749,1.1312,3318
1,60,MODIS_v1.1,465.0,1.0485,1.0982,1.1533,3318
1,60,MODIS_v1.1,470.0,1.0672,1.1194,1.1748,3320
1,60,MODIS_v1.1,475.0,1.0792,1.1317,1.1858,3320
1,60,MODIS_v1.1,480.0,1.0766,1.1255,1.176,3320
1,60,MODIS_v1.1,485.0,1.0864,1.1338,1.1834,3320
1,60,MODIS_v1.1,490.0,1.084,1.1285,1.175,3320
1,60,MODIS_v1.1,495.0,1.0591,1.0975,1.1415,3320
1,60,MODIS_v1.1,500.0,1.0167,1.0494,1.1038,3320
1,60,MODIS_v1.1,505.0,0.9242,0.9559,1.0332,3320
1,60,MODIS_v1.1,510.0,0.8165,0.8526,0.9495,3320
1,60,MODIS_v1.1,515.0,0.7383,0.7731,0.8791,3320
1,60,MODIS_v1.1,520.0,0.7641,0.7962,0.8937,3320
1,60,MODIS_v1.1,525.0,0.8024,0.8313,0.9201,3320
1,60,MODIS_v1.1,530.0,0.8328,0.8576,0.9359,3320
1,60,MODIS_v1.1,535.0,0.8672,0.8894,0.9564,3320
1,60,MODIS_v1.1,540.0,0.9016,0.9232,0.979,3320
1,60,MODIS_v1.1,545.0,0.9199,0.9419,0.9875,3320
1,60,MODIS_v1.1,550.0,0.9222,0.9454,0.9853,3320
1,60,MODIS_v1.1,555.0,0.9684,0.9945,1.0308,3320
1,60,MODIS_v1.1,560.0,1.0366,1.0656,1.1031,3320
1,60,MODIS_v1.1,565.0,1.1165,1.1497,1.191,3320
1,60,MODIS_v1.1,570.0,1.1616,1.1994,1.2442,3320
1,60,MODIS_v1.1,575.0,1.184,1.2247,1.2707,3320
1,60,MODIS_v1.1,580.0,1.1602,1.202,1.2475,3320
1,60,MODIS_v1.1,585.0,1.0781,1.1174,1.16,3320
1,60,MODIS_v1.1,590.0,0.9959,1.0339,1.0715,3320
1,60,MODIS_v1.1,595.0,0.9079,0.9436,0.9765,3320
1,60,MODIS_v1.1,600.0,0.7664,0.7966,0.8235,3320
1,60,MODIS_v1.1,605.0,0.7328,0.762,0.7859,3320
1,60,MODIS_v1.1,610.0,0.7832,0.8144,0.8379,3320
1,60,MODIS_v1.1,615.0,0.8419,0.8749,0.898,3320
1,60,MODIS_v1.1,620.0,0.8854,0.9195,0.9421,3320
1,60,MODIS_v1.1,625.0,0.9254,0.9604,0.9827,3320
1,60,MODIS_v1.1,630.0,0.9622,0.9981,1.019,3320
1,60,MODIS_v1.1,635.0,0.9926,1.0285,1.0483,3320
1,60,MODIS_v1.1,640.0,1.0217,1.0572,1.0761,3320
1,60,MODIS_v1.1,645.0,1.0344,1.0692,1.0881,3320
1,60,MODIS_v1.1,650.0,1.0437,1.078,1.0971,3320
1,60,MODIS_v1.1,655.0,1.0085,1.0407,1.0602,3320
1,60,MODIS_v1.1,660.0,0.9598,0.9905,1.0109,3320
1,60,MODIS_v1.1,665.0,0.96,0.9938,1.016,3320
1,60,MODIS_v1.1,670.0,0.9807,1.0186,1.0444,3320
1,60,MODIS_v1.1,675.0,1.0069,1.0487,1.0782,3320
1,60,MODIS_v1.1,680.0,1.0184,1.0631,1.0966,3320
1,60,MODIS_v1.1,685.0,1.0241,1.0721,1.1088,3320
1,60,MODIS_v1.1,690.0,1.014,1.064,1.1038,3320
1,60,MODIS_v1.1,695.0,0.9832,1.0348,1.0768,3320
1,60,MODIS_v1.1,700.0,0.9242,0.9771,1.0199,3320
1,60,MODIS_v1.1,705.0,0.8583,0.9133,0.956,3320
1,60,MODIS_v1.1,710.0,0.7654,0.8197,0.8609,3320
1,60,MODIS_v1.1,715.0,0.6584,0.7102,0.7485,3320
1,60,MODIS_v1.1,720.0,0.5644,0.6131,0.6483,3320
1,60,MODIS_v1.1,725.0,0.4888,0.5349,0.5676,3320
1,60,MODIS_v1.1,730.0,0.3873,0.4269,0.4548,3320
1,60,MODIS_v1.1,735.0,0.3187,0.354,0.3782,3320
1,60,MODIS_v1.1,740.0,0.3018,0.3376,0.3619,3320
1,60,MODIS_v1.1,745.0,0.3106,0.3502,0.3768,3320
1,60,MODIS_v1.1,750.0,0.3232,0.3672,0.3965,3320
1,60,MODIS_v1.3,400.0,0.9196,1.0053,1.1251,3294
1,60,MODIS_v1.3,405.0,0.9147,0.9931,1.1048,3288
1,60,MODIS_v1.3,410.0,0.9081,0.981,1.0827,3281
1,60,MODIS_v1.3,415.0,0.902,0.9717,1.0654,3277
1,60,MODIS_v1.3,420.0,0.9011,0.9663,1.0533,3268
1,60,MODIS_v1.3,425.0,0.8935,0.9542,1.0346,3269
1,60,MODIS_v1.3,430.0,0.886,0.947,1.0225,3263
1,60,MODIS_v1.3,435.0,0.875,0.9368,1.0093,3266
1,60,MODIS_v1.3,440.0,0.857,0.9143,0.9833,3289
1,60,MODIS_v1.3,445.0,0.846,0.8982,0.963,3310
1,60,MODIS_v1.3,450.0,0.8264,0.8736,0.9323,3318
1,60,MODIS_v1.3,455.0,0.8404,0.8897,0.9482,3318
1,60,MODIS_v1.3,460.0,0.8615,0.9186,0.978,3318
1,60,MODIS_v1.3,465.0,0.8851,0.9482,1.0098,3318
1,60,MODIS_v1.3,470.0,0.9098,0.9801,1.0436,3320
1,60,MODIS_v1.3,475.0,0.9331,1.0071,1.0713,3320
1,60,MODIS_v1.3,480.0,0.9485,1.0204,1.0814,3320
1,60,MODIS_v1.3,485.0,0.9755,1.0504,1.1119,3320
1,60,MODIS_v1.3,490.0,0.9963,1.069,1.1282,3320
1,60,MODIS_v1.3,495.0,1.0045,1.0648,1.118,3320
1,60,MODIS_v1.3,500.0,0.996,1.0434,1.0935,3320
1,60,MODIS_v1.3,505.0,0.9419,0.9752,1.0258,3320
1,60,MODIS_v1.3,510.0,0.86,0.8916,0.9462,3320
1,60,MODIS_v1.3,515.0,0.7968,0.8282,0.8894,3320
1,60,MODIS_v1.3,520.0,0.8382,0.8662,0.9232,3320
1,60,MODIS_v1.3,525.0,0.89,0.9152,0.966,3320
1,60,MODIS_v1.3,530.0,0.928,0.9503,0.995,3320
1,60,MODIS_v1.3,535.0,0.9638,0.9847,1.023,3320
1,60,MODIS_v1.3,540.0,0.9917,1.012,1.0446,3320
1,60,MODIS_v1.3,545.0,0.9925,1.0125,1.0414,3320
1,60,MODIS_v1.3,550.0,0.9681,0.9877,1.0128,3320
1,60,MODIS_v1.3,555.0,0.98,1.0004,1.0241,3320
1,60,MODIS_v1.3,560.0,1.0044,1.0276,1.0522,3320
1,60,MODIS_v1.3,565.0,1.0336,1.0612,1.0878,3320
1,60,MODIS_v1.3,570.0,1.0362,1.0667,1.0949,3320
1,60,MODIS_v1.3,575.0,1.0346,1.0684,1.0982,3320
1,60,MODIS_v1.3,580.0,1.0219,1.0594,1.0921,3320
1,60,MODIS_v1.3,585.0,0.9941,1.0348,1.0691,3320
1,60,MODIS_v1.3,590.0,0.9957,1.0405,1.0764,3320
1,60,MODIS_v1.3,595.0,0.9994,1.046,1.082,3320
1,60,MODIS_v1.3,600.0,0.9169,0.9572,0.9887,3320
1,60,MODIS_v1.3,605.0,0.9202,0.9565,0.9851,3320
1,60,MODIS_v1.3,610.0,0.9909,1.025,1.0533,3320
1,60,MODIS_v1.3,615.0,1.0368,1.0697,1.0971,3320
1,60,MODIS_v1.3,620.0,1.042,1.0719,1.0971,3320
1,60,MODIS_v1.3,625.0,1.0327,1.0606,1.0841,3320
1,60,MODIS_v1.3,630.0,1.0184,1.0448,1.0669,3320
1,60,MODIS_v1.3,635.0,1.0011,1.0267,1.0481,3320
1,60,MODIS_v1.3,640.0,0.9906,1.0151,1.036,3320
1,60,MODIS_v1.3,645.0,0.9733,0.9977,1.018,3320
1,60,MODIS_v1.3,650.0,0.9623,0.9871,1.0074,3320
1,60,MODIS_v1.3,655.0,0.9195,0.9435,0.9623,3320
1,60,MODIS_v1.3,660.0,0.8723,0.8964,0.9141,3320
1,60,MODIS_v1.3,665.0,0.8765,0.9028,0.9222,3320
1,60,MODIS_v1.3,670.0,0.9033,0.9338,0.9562,3320
1,60,MODIS_v1.3,675.0,0.9382,0.9735,1.0002,3320
1,60,MODIS_v1.3,680.0,0.9636,1.0027,1.0338,3320
1,60,MODIS_v1.3,685.0,0.9871,1.0293,1.0636,3320
1,60,MODIS_v1.3,690.0,0.9956,1.0414,1.0795,3320
1,60,MODIS_v1.3,695.0,0.9828,1.0331,1.0735,3320
1,60,MODIS_v1.3,700.0,0.9409,0.9942,1.0362,3320
1,60,MODIS_v1.3,705.0,0.8898,0.9452,0.9887,3320
1,60,MODIS_v1.3,710.0,0.8076,0.8625,0.9051,3320
1,60,MODIS_v1.3,715.0,0.7055,0.7584,0.7985,3320
1,60,MODIS_v1.3,720.0,0.6132,0.6629,0.7006,3320
1,60,MODIS_v1.3,725.0,0.5365,0.5846,0.6195,3320
1,60,MODIS_v1.3,730.0,0.4289,0.4705,0.5002,3320
1,60,MODIS_v1.3,735.0,0.3552,0.3921,0.4183,3320
1,60,MODIS_v1.3,740.0,0.3382,0.3752,0.4013,3320
1,60,MODIS_v1.3,745.0,0.3497,0.3896,0.4181,3320
1,60,MODIS_v1.3,750.0,0.3649,0.4081,0.4389,3320
1,60,PACE_v2.3,400.0,0.9051,0.9703,1.0479,3294
1,60,PACE_v2.3,405.0,0.9068,0.9654,1.0353,3288
1,60,PACE_v2.3,410.0,0.91,0.9618,1.0233,3281
1,60,PACE_v2.3,415.0,0.9164,0.9617,1.0162,3277
1,60,PACE_v2.3,420.0,0.9279,0.9695,1.0159,3268
1,60,PACE_v2.3,425.0,0.9343,0.9718,1.0128,3269
1,60,PACE_v2.3,430.0,0.9436,0.9793,1.0153,3263
1,60,PACE_v2.3,435.0,0.9487,0.9835,1.0161,3266
1,60,PACE_v2.3,440.0,0.9413,0.974,1.0032,3289
1,60,PACE_v2.3,445.0,0.9355,0.9655,0.9996,3310
1,60,PACE_v2.3,450.0,0.9118,0.9452,0.9884,3318
1,60,PACE_v2.3,455.0,0.9284,0.9621,1.0031,3318
1,60,PACE_v2.3,460.0,0.949,0.9821,1.0192,3318
1,60,PACE_v2.3,465.0,0.9615,0.9943,1.028,3318
1,60,PACE_v2.3,470.0,0.9646,0.9975,1.0289,3320
1,60,PACE_v2.3,475.0,0.9544,0.9867,1.0171,3320
1,60,PACE_v2.3,480.0,0.9304,0.961,0.9904,3320
1,60,PACE_v2.3,485.0,0.9287,0.9588,0.987,3320
1,60,PACE_v2.3,490.0,0.9369,0.9656,0.9921,3320
1,60,PACE_v2.3,495.0,0.9544,0.98,1.0066,3320
1,60,PACE_v2.3,500.0,0.9832,1.0082,1.0342,3320
1,60,PACE_v2.3,505.0,0.9793,1.0025,1.0285,3320
1,60,PACE_v2.3,510.0,0.9442,0.9653,0.9925,3320
1,60,PACE_v2.3,515.0,0.9023,0.9222,0.9493,3320
1,60,PACE_v2.3,520.0,0.9489,0.9663,0.9879,3320
1,60,PACE_v2.3,525.0,0.9828,1.002,1.0231,3320
1,60,PACE_v2.3,530.0,0.9899,1.0101,1.0315,3320
1,60,PACE_v2.3,535.0,0.9919,1.0132,1.0338,3320
1,60,PACE_v2.3,540.0,0.9904,1.0111,1.0303,3320
1,60,PACE_v2.3,545.0,0.9714,0.9886,1.006,3320
1,60,PACE_v2.3,550.0,0.9368,0.9506,0.9655,3320
1,60,PACE_v2.3,555.0,0.9441,0.9568,0.9704,3320
1,60,PACE_v2.3,560.0,0.9698,0.9821,0.9949,3320
1,60,PACE_v2.3,565.0,1.0046,1.0172,1.029,3320
1,60,PACE_v2.3,570.0,1.0116,1.0231,1.034,3320
1,60,PACE_v2.3,575.0,1.0091,1.0196,1.0294,3320
1,60,PACE_v2.3,580.0,0.9918,1.0014,1.0093,3320
1,60,PACE_v2.3,585.0,0.9643,0.9737,0.9807,3320
1,60,PACE_v2.3,590.0,0.9868,0.9969,1.0057,3320
1,60,PACE_v2.3,595.0,1.0319,1.0422,1.052,3320
1,60,PACE_v2.3,600.0,0.9727,0.9797,0.9861,3320
1,60,PACE_v2.3,605.0,0.9641,0.9694,0.9734,3320
1,60,PACE_v2.3,610.0,0.9981,1.0059,1.0092,3320
1,60,PACE_v2.3,615.0,1.009,1.0179,1.0213,3320
1,60,PACE_v2.3,620.0,0.9957,1.0042,1.0074,3320
1,60,PACE_v2.3,625.0,0.9873,0.9949,0.998,3320
1,60,PACE_v2.3,630.0,0.9871,0.9942,0.9976,3320
1,60,PACE_v2.3,635.0,0.9922,0.999,1.0027,3320
1,60,PACE_v2.3,640.0,1.0058,1.0123,1.0164,3320
1,60,PACE_v2.3,645.0,1.0117,1.0178,1.0221,3320
1,60,PACE_v2.3,650.0,1.02,1.0262,1.0307,3320
1,60,PACE_v2.3,655.0,0.9882,0.9939,0.9985,3320
1,60,PACE_v2.3,660.0,0.9445,0.9508,0.9551,3320
1,60,PACE_v2.3,665.0,0.9504,0.9589,0.9634,3320
1,60,PACE_v2.3,670.0,0.9764,0.9877,0.9925,3320
1,60,PACE_v2.3,675.0,1.0063,1.0196,1.0247,3320
1,60,PACE_v2.3,680.0,1.0215,1.034,1.0392,3320
1,60,PACE_v2.3,685.0,1.03,1.0401,1.0452,3320
1,60,PACE_v2.3,690.0,1.02,1.0278,1.0327,3320
1,60,PACE_v2.3,695.0,0.9859,0.9927,0.9975,3320
1,60,PACE_v2.3,700.0,0.9215,0.9278,0.9324,3320
1,60,PACE_v2.3,705.0,0.85,0.8558,0.86,3320
1,60,PACE_v2.3,710.0,0.7513,0.7564,0.7602,3320
1,60,PACE_v2.3,715.0,0.6396,0.6439,0.6472,3320
1,60,PACE_v2.3,720.0,0.5411,0.5447,0.5476,3320
1,60,PACE_v2.3,725.0,0.4617,0.4648,0.4672,3320
1,60,PACE_v2.3,730.0,0.3595,0.3619,0.3638,3320
1,60,PACE_v2.3,735.0,0.2901,0.2921,0.2936,3320
1,60,PACE_v2.3,740.0,0.2688,0.2707,0.2721,3320
1,60,PACE_v2.3,745.0,0.2705,0.2724,0.2739,3320
1,60,PACE_v2.3,750.0,0.2747,0.2767,0.2783,3320
