definition,network,410,440,490,510,520,555,580,600,670
ln_ratio,MODIS_v1.1,1.1738,1.1518,1.189,0.8879,0.8249,1.019,1.2316,0.8183,1.0372
ln_ratio,MODIS_v1.3,1.0621,0.994,1.153,0.944,0.9054,0.9796,1.0164,0.9214,0.9658
ln_ratio,PACE_v2.3,1.0025,1.0167,1.0057,0.9891,0.984,0.9712,1.0026,0.9898,0.9817
trapz_stored_z1,MODIS_v1.1,1.1738,1.151,1.1887,0.8876,0.8248,1.0188,1.2314,0.8183,1.0371
trapz_stored_z1,MODIS_v1.3,1.062,0.9937,1.1529,0.9438,0.9052,0.9795,1.0162,0.9213,0.9658
trapz_stored_z1,PACE_v2.3,1.0024,1.0164,1.0056,0.989,0.9839,0.971,1.0025,0.9898,0.9816
trapz_ed_z1,MODIS_v1.1,1.1738,1.1518,1.1891,0.8879,0.8249,1.019,1.2316,0.8183,1.0371
trapz_ed_z1,MODIS_v1.3,1.0622,0.994,1.153,0.944,0.9054,0.9796,1.0164,0.9213,0.9658
trapz_ed_z1,PACE_v2.3,1.0025,1.0168,1.0057,0.9891,0.984,0.9712,1.0026,0.9898,0.9816
