network,interp,440,490,555,670
MODIS_v1.1,linear,1.152,1.189,1.019,1.037
MODIS_v1.1,cubic,1.149,1.187,1.016,1.034
MODIS_v1.1,nearest,1.244,1.263,1.067,1.066
MODIS_v1.1,gauss10,1.152,1.19,1.022,1.041
MODIS_v1.3,linear,0.994,1.153,0.98,0.966
MODIS_v1.3,cubic,0.995,1.152,0.977,0.963
MODIS_v1.3,nearest,1.023,1.179,0.996,0.979
MODIS_v1.3,gauss10,0.992,1.153,0.983,0.969
PACE_v2.3,linear,1.017,1.006,0.971,0.982
PACE_v2.3,cubic,1.017,1.006,0.971,0.982
PACE_v2.3,nearest,1.017,1.006,0.971,0.982
PACE_v2.3,gauss10,1.027,1.024,0.977,0.979
