rung,label,n_attempted,frac_ok,frac_poor_fit,frac_out_of_scope,frac_fit_failed,a_440_n,a_440_mae,a_440_bias,a_440_ratio,a_nw_440_n,a_nw_440_mae,a_nw_440_bias,a_nw_440_ratio,bb_555_n,bb_555_mae,bb_555_bias,bb_555_ratio,bb_p_555_n,bb_p_555_mae,bb_p_555_bias,bb_p_555_ratio,bb_p_670_n,bb_p_670_mae,bb_p_670_bias,bb_p_670_ratio,a_ph_440,a_dg_440
ls2_i,"LS2 (i) Kd record, b_p truth",3320.0,0.0334,0.9639,0.0027,0.0,3115,0.0294,0.0292,1.0284,3115,0.0381,0.0379,1.0374,3311,0.114,0.0066,1.0114,3287,0.2665,0.0021,1.0236,2716,0.9785,-0.0237,1.0871,not applicable,not applicable
ls2_ii,"LS2 (ii) Kd record, b_p OC4v4",3320.0,0.0334,0.9639,0.0027,0.0,3130,0.0274,0.0244,1.0242,3130,0.0364,0.0324,1.0314,3308,0.12,0.0094,1.0114,3288,0.2901,0.0058,1.0245,2717,0.9877,-0.0246,1.0841,not applicable,not applicable
ls2_iii,"LS2 (iii) Kd PACE-NN, b_p OC4v4",3320.0,0.0,0.9136,0.0027,0.0837,3016,0.1686,0.004,0.9956,3016,0.2252,-0.0031,0.9943,3031,0.1455,-0.034,0.9701,3009,0.3401,-0.0775,0.9508,2502,0.9564,-0.0605,1.0511,not applicable,not applicable
ls2_iii_modis,"LS2 (iii) Kd MODIS-NN v1.3, b_p OC4v4",3320.0,0.0,0.9973,0.0027,0.0,3288,0.088,-0.0247,0.9724,3288,0.1151,-0.0335,0.9623,3308,0.1341,-0.0177,0.9811,3289,0.3143,-0.0354,0.9705,2708,1.0207,-0.0716,1.0154,not applicable,not applicable
ls2_i_effmuw,LS2 (i) effective muw (diagnostic),3320.0,0.0,0.9973,0.0027,0.0,3115,0.013,-0.0068,0.9924,3115,0.0171,-0.0094,0.9901,3311,0.1147,-0.0096,0.9941,3287,0.2713,-0.0295,0.994,2706,0.9663,-0.0386,1.0623,not applicable,not applicable
ls2_i_kdnoise05,LS2 (i) + 5% Kd noise (sensitivity),3320.0,0.0211,0.9762,0.0027,0.0,3115,0.0485,0.0263,1.0283,3115,0.0638,0.0335,1.0368,3311,0.1226,0.0035,1.0098,3284,0.2908,-0.0103,1.021,2720,0.9869,-0.0306,1.0778,not applicable,not applicable
ls2_i_kdnoise10,LS2 (i) + 10% Kd noise (sensitivity),3320.0,0.022,0.9753,0.0027,0.0,3115,0.0883,0.0252,1.0318,3115,0.1176,0.0298,1.0416,3311,0.1457,0.0027,1.0132,3274,0.3416,-0.0164,1.0312,2711,0.9867,-0.0228,1.0814,not applicable,not applicable
ls2_i_kdnoise20,LS2 (i) + 20% Kd noise (sensitivity),3320.0,0.0166,0.9807,0.0027,0.0,3115,0.1826,0.0064,1.0282,3114,0.2517,-0.0027,1.0361,3311,0.2163,-0.0144,1.0009,3241,0.5173,-0.0662,1.0135,2703,1.0499,-0.0447,1.0684,not applicable,not applicable
ls2r_i,"Our LS2 (i) Kd record, b_p truth",3320.0,0.0,0.9973,0.0027,0.0,3115,0.0113,-0.0007,0.9986,3115,0.0148,-0.0015,0.9981,3311,0.1097,-0.0138,0.9989,3283,0.2706,-0.052,1.002,2722,0.9728,0.0145,1.1637,not applicable,not applicable
ls2r_ii,"Our LS2 (ii) Kd record, b_p OC4v4",3320.0,0.0,0.9973,0.0027,0.0,3130,0.0188,-0.0067,0.993,3130,0.0249,-0.008,0.9909,3308,0.1225,-0.002,1.0104,3283,0.3012,-0.0291,1.0209,2729,0.9668,0.0544,1.1985,not applicable,not applicable
ls2r_iii,"Our LS2 (iii) Kd PACE-NN, b_p OC4v4",3320.0,0.0,0.9136,0.0027,0.0837,3016,0.1719,-0.0265,0.9657,3016,0.2326,-0.0437,0.9532,3031,0.1481,-0.0434,0.962,3001,0.3536,-0.1059,0.939,2512,0.9322,0.0179,1.1594,not applicable,not applicable
