dataset,algorithm,component,ref_wave,fit_method,ref_match,caveat,n_pairs,bias,abs_bias,mae,rms_log,median_ratio,coverage68,coverage95,coverage_n,mae_rank,abs_bias_rank,rms_log_rank,coverage68_verdict,coverage95_verdict,win_frac,ranking
L23,ls2_i,a,440,direct,440,,3102,0.0202,0.0202,0.0211,0.0109,1.019,,,0,5,11,4,,,0.6579,ranked
L23,ls2_i_effmuw,a,440,direct,440,,3102,-0.0154,0.0154,0.0185,0.0094,0.9836,,,0,3,7,3,,,0.6573,ranked
L23,ls2_i_kdnoise05,a,440,direct,440,,3102,0.0173,0.0173,0.0452,0.0241,1.019,,,0,7,10,7,,,0.4799,ranked
L23,ls2_i_kdnoise10,a,440,direct,440,,3102,0.016,0.016,0.0865,0.045,1.0228,,,0,9,8,8,,,0.3302,ranked
L23,ls2_i_kdnoise20,a,440,direct,440,,3102,-0.003,0.003,0.1817,0.0921,1.018,,,0,12,1,12,,,0.1874,ranked
L23,ls2_ii,a,440,direct,440,,3119,0.0112,0.0112,0.0207,0.011,1.0115,,,0,4,6,5,,,0.6835,ranked
L23,ls2_iii,a,440,direct,440,,3190,0.0332,0.0332,0.1619,0.084,1.0302,,,0,11,12,11,,,0.2061,ranked
L23,ls2_iii_modis,a,440,direct,440,,3307,0.0053,0.0053,0.0818,0.0463,1.0079,,,0,8,3,9,,,0.3691,ranked
L23,ls2r_i,a,440,direct,440,,3102,-0.0058,0.0058,0.0126,0.0067,0.9931,,,0,1,4,1,,,0.8193,ranked
L23,ls2r_i_ab,a,440,direct,440,,3102,-0.0097,0.0097,0.0146,0.0077,0.9893,,,0,2,5,2,,,0.7561,ranked
L23,ls2r_ii,a,440,direct,440,,3119,-0.0166,0.0166,0.0229,0.0121,0.9832,,,0,6,9,6,,,0.6371,ranked
L23,ls2r_iii,a,440,direct,440,,3190,0.0051,0.0051,0.1604,0.083,1.0024,,,0,10,2,10,,,0.2086,ranked
L23,ls2_i,a,443,direct,445,,3136,0.0205,0.0205,0.0211,0.0107,1.0195,,,0,5,11,5,,,0.6477,ranked
L23,ls2_i_effmuw,a,443,direct,445,,3136,-0.0152,0.0152,0.0179,0.009,0.984,,,0,3,7,3,,,0.6558,ranked
L23,ls2_i_kdnoise05,a,443,direct,445,,3136,0.0174,0.0174,0.0451,0.024,1.0193,,,0,7,10,7,,,0.4741,ranked
L23,ls2_i_kdnoise10,a,443,direct,445,,3136,0.0166,0.0166,0.0867,0.0449,1.0245,,,0,9,8,8,,,0.3214,ranked
L23,ls2_i_kdnoise20,a,443,direct,445,,3136,-0.0022,0.0022,0.181,0.0921,1.0196,,,0,12,1,12,,,0.1859,ranked
L23,ls2_ii,a,443,direct,445,,3150,0.0117,0.0117,0.0191,0.0102,1.012,,,0,4,6,4,,,0.6928,ranked
L23,ls2_iii,a,443,direct,445,,3190,0.0247,0.0247,0.1543,0.0797,1.0186,,,0,11,12,11,,,0.2111,ranked
L23,ls2_iii_modis,a,443,direct,445,,3307,-0.0112,0.0112,0.0801,0.0459,0.9914,,,0,8,5,9,,,0.3603,ranked
L23,ls2r_i,a,443,direct,445,,3136,-0.0063,0.0063,0.012,0.0064,0.9931,,,0,1,3,1,,,0.826,ranked
L23,ls2r_i_ab,a,443,direct,445,,3136,-0.0093,0.0093,0.0136,0.0072,0.9901,,,0,2,4,2,,,0.7642,ranked
L23,ls2r_ii,a,443,direct,445,,3150,-0.0168,0.0168,0.0215,0.0113,0.9831,,,0,6,9,6,,,0.6423,ranked
L23,ls2r_iii,a,443,direct,445,,3190,-0.0039,0.0039,0.1538,0.0791,0.9908,,,0,10,2,10,,,0.2094,ranked
L23,ls2_i,a_nw,440,direct,440,,3102,0.0254,0.0254,0.0268,0.0135,1.0251,,,0,4,11,4,,,0.6584,ranked
L23,ls2_i_effmuw,a_nw,440,direct,440,,3102,-0.0214,0.0214,0.0251,0.013,0.9782,,,0,3,9,3,,,0.6569,ranked
L23,ls2_i_kdnoise05,a_nw,440,direct,440,,3102,0.0212,0.0212,0.0595,0.0316,1.0249,,,0,7,8,7,,,0.4801,ranked
L23,ls2_i_kdnoise10,a_nw,440,direct,440,,3102,0.0171,0.0171,0.1156,0.0601,1.029,,,0,9,7,9,,,0.3302,ranked
L23,ls2_i_kdnoise20,a_nw,440,direct,440,,3101,-0.0159,0.0159,0.2514,0.129,1.0243,,,0,12,6,12,,,0.1878,ranked
L23,ls2_ii,a_nw,440,direct,440,,3119,0.0141,0.0141,0.0271,0.0144,1.0147,,,0,5,5,5,,,0.6838,ranked
L23,ls2_iii,a_nw,440,direct,440,,3190,0.0406,0.0406,0.216,0.107,1.0402,,,0,11,12,11,,,0.2061,ranked
L23,ls2_iii_modis,a_nw,440,direct,440,,3307,0.0118,0.0118,0.1071,0.0573,1.0106,,,0,8,3,8,,,0.3692,ranked
L23,ls2r_i,a_nw,440,direct,440,,3102,-0.0087,0.0087,0.0168,0.009,0.9909,,,0,1,2,1,,,0.8191,ranked
L23,ls2r_i_ab,a_nw,440,direct,440,,3102,-0.0139,0.0139,0.0197,0.0106,0.986,,,0,2,4,2,,,0.7557,ranked
L23,ls2r_ii,a_nw,440,direct,440,,3119,-0.0221,0.0221,0.0305,0.0164,0.9789,,,0,6,10,6,,,0.6368,ranked
L23,ls2r_iii,a_nw,440,direct,440,,3190,0.0033,0.0033,0.2153,0.1065,1.0036,,,0,10,1,10,,,0.2083,ranked
L23,ls2_i,a_nw,443,direct,445,,3136,0.0273,0.0273,0.0282,0.014,1.027,,,0,5,11,4,,,0.6487,ranked
L23,ls2_i_effmuw,a_nw,443,direct,445,,3136,-0.0225,0.0225,0.0259,0.0134,0.9777,,,0,3,9,3,,,0.655,ranked
L23,ls2_i_kdnoise05,a_nw,443,direct,445,,3136,0.0222,0.0222,0.063,0.0336,1.0261,,,0,7,8,7,,,0.4748,ranked
L23,ls2_i_kdnoise10,a_nw,443,direct,445,,3136,0.0181,0.0181,0.1234,0.064,1.0323,,,0,9,6,9,,,0.3215,ranked
L23,ls2_i_kdnoise20,a_nw,443,direct,445,,3135,-0.0199,0.0199,0.2706,0.1418,1.0258,,,0,12,7,12,,,0.1864,ranked
L23,ls2_ii,a_nw,443,direct,445,,3150,0.0157,0.0157,0.0265,0.0141,1.0159,,,0,4,5,5,,,0.6934,ranked
L23,ls2_iii,a_nw,443,direct,445,,3190,0.0276,0.0276,0.2198,0.1086,1.027,,,0,10,12,10,,,0.2109,ranked
L23,ls2_iii_modis,a_nw,443,direct,445,,3307,-0.0119,0.0119,0.1098,0.0583,0.9888,,,0,8,2,8,,,0.3602,ranked
L23,ls2r_i,a_nw,443,direct,445,,3136,-0.0099,0.0099,0.017,0.0092,0.9903,,,0,1,1,1,,,0.8256,ranked
L23,ls2r_i_ab,a_nw,443,direct,445,,3136,-0.0142,0.0142,0.0195,0.0106,0.9866,,,0,2,4,2,,,0.7635,ranked
L23,ls2r_ii,a_nw,443,direct,445,,3150,-0.0236,0.0236,0.0303,0.0162,0.9776,,,0,6,10,6,,,0.6417,ranked
L23,ls2r_iii,a_nw,443,direct,445,,3190,-0.0125,0.0125,0.2215,0.1094,0.9861,,,0,11,3,11,,,0.2091,ranked
L23,ls2_i,bb,555,direct,555,,3309,0.0723,0.0723,0.1318,0.0673,1.0714,,,0,5,11,5,,,0.5052,ranked
L23,ls2_i_effmuw,bb,555,direct,555,,3309,0.0577,0.0577,0.1287,0.0657,1.0577,,,0,4,8,3,,,0.5569,ranked
L23,ls2_i_kdnoise05,bb,555,direct,555,,3309,0.0689,0.0689,0.138,0.0703,1.0685,,,0,6,10,6,,,0.4859,ranked
L23,ls2_i_kdnoise10,bb,555,direct,555,,3309,0.068,0.068,0.1593,0.0797,1.0727,,,0,11,9,11,,,0.4241,ranked
L23,ls2_i_kdnoise20,bb,555,direct,555,,3309,0.0498,0.0498,0.2251,0.1107,1.0641,,,0,12,5,12,,,0.333,ranked
L23,ls2_ii,bb,555,direct,555,,3309,0.0804,0.0804,0.1405,0.0722,1.0766,,,0,7,12,7,,,0.4605,ranked
L23,ls2_iii,bb,555,direct,555,,3191,0.0417,0.0417,0.1516,0.077,1.0416,,,0,10,3,10,,,0.4454,ranked
L23,ls2_iii_modis,bb,555,direct,555,,3309,0.0567,0.0567,0.1469,0.0753,1.0505,,,0,9,7,9,,,0.4664,ranked
L23,ls2r_i,bb,555,direct,555,,3309,0.0228,0.0228,0.1125,0.0589,1.0292,,,0,1,2,1,,,0.6533,ranked
L23,ls2r_i_ab,bb,555,direct,555,,3309,0.0508,0.0508,0.1171,0.0604,1.0532,,,0,2,6,2,,,0.6211,ranked
L23,ls2r_ii,bb,555,direct,555,,3309,0.0475,0.0475,0.1283,0.0665,1.0492,,,0,3,4,4,,,0.5574,ranked
L23,ls2r_iii,bb,555,direct,555,,3191,0.0109,0.0109,0.1442,0.074,1.0141,,,0,8,1,8,,,0.489,ranked
L23,ls2_i,bb,670,direct,670,,3209,0.1156,0.1156,0.6255,0.2885,1.2391,,,0,,,,,,0.5353,indistinguishable
L23,ls2_i_effmuw,bb,670,direct,670,,3209,0.0959,0.0959,0.6166,0.2877,1.2177,,,0,,,,,,0.5917,indistinguishable
L23,ls2_i_kdnoise05,bb,670,direct,670,,3209,0.1127,0.1127,0.6265,0.2893,1.2376,,,0,,,,,,0.5342,indistinguishable
L23,ls2_i_kdnoise10,bb,670,direct,670,,3209,0.1112,0.1112,0.6341,0.2921,1.2314,,,0,,,,,,0.512,indistinguishable
L23,ls2_i_kdnoise20,bb,670,direct,670,,3209,0.0926,0.0926,0.6587,0.3008,1.2024,,,0,,,,,,0.4731,indistinguishable
L23,ls2_ii,bb,670,direct,670,,3209,0.1175,0.1175,0.6271,0.289,1.2414,,,0,,,,,,0.533,indistinguishable
L23,ls2_iii,bb,670,direct,670,,3096,0.0936,0.0936,0.6112,0.2866,1.2116,,,0,,,,,,0.5743,indistinguishable
L23,ls2_iii_modis,bb,670,direct,670,,3209,0.0698,0.0698,0.6009,0.2864,1.1673,,,0,,,,,,0.5987,indistinguishable
L23,ls2r_i,bb,670,direct,670,,3209,0.1406,0.1406,0.6713,0.2964,1.302,,,0,,,,,,0.4418,indistinguishable
L23,ls2r_i_ab,bb,670,direct,670,,3209,0.1562,0.1562,0.6571,0.2919,1.3054,,,0,,,,,,0.4617,indistinguishable
L23,ls2r_ii,bb,670,direct,670,,3209,0.1804,0.1804,0.6977,0.3018,1.3395,,,0,,,,,,0.3469,indistinguishable
L23,ls2r_iii,bb,670,direct,670,,3096,0.157,0.157,0.6789,0.2988,1.3142,,,0,,,,,,0.3964,indistinguishable
L23,ls2_i,bb_p,555,direct,555,,3309,0.1521,0.1521,0.2856,0.1437,1.1349,,,0,4,11,3,,,0.5043,ranked
L23,ls2_i_effmuw,bb_p,555,direct,555,,3309,0.1242,0.1242,0.2806,0.1421,1.1093,,,0,3,7,2,,,0.5566,ranked
L23,ls2_i_kdnoise05,bb_p,555,direct,555,,3309,0.1407,0.1407,0.2995,0.1499,1.1298,,,0,6,10,4,,,0.4857,ranked
L23,ls2_i_kdnoise10,bb_p,555,direct,555,,3307,0.1286,0.1286,0.3493,0.1746,1.138,,,0,11,8,10,,,0.4241,ranked
L23,ls2_i_kdnoise20,bb_p,555,direct,555,,3273,0.0775,0.0775,0.5003,0.238,1.1345,,,0,12,3,12,,,0.3337,ranked
L23,ls2_ii,bb_p,555,direct,555,,3309,0.1753,0.1753,0.3083,0.1573,1.1446,,,0,7,12,6,,,0.4601,ranked
L23,ls2_iii,bb_p,555,direct,555,,3191,0.0906,0.0906,0.3338,0.1699,1.076,,,0,10,5,9,,,0.4445,ranked
L23,ls2_iii_modis,bb_p,555,direct,555,,3309,0.1357,0.1357,0.3201,0.1623,1.0956,,,0,8,9,8,,,0.466,ranked
L23,ls2r_i,bb_p,555,direct,555,,3302,0.029,0.029,0.2658,0.1551,1.0505,,,0,2,2,5,,,0.6547,ranked
L23,ls2r_i_ab,bb_p,555,direct,555,,3309,0.0971,0.0971,0.2598,0.1347,1.0968,,,0,1,6,1,,,0.6207,ranked
L23,ls2r_ii,bb_p,555,direct,555,,3302,0.0873,0.0873,0.2942,0.1615,1.089,,,0,5,4,7,,,0.5575,ranked
L23,ls2r_iii,bb_p,555,direct,555,,3180,0.0125,0.0125,0.3303,0.1748,1.03,,,0,9,1,11,,,0.4889,ranked
L23,ls2_i,bb_p,670,direct,670,,3031,0.271,0.271,0.9337,0.3669,1.4011,,,0,4,8,1,,,0.5312,ranked
L23,ls2_i_effmuw,bb_p,670,direct,670,,3030,0.234,0.234,0.932,0.3722,1.3659,,,0,3,4,4,,,0.602,ranked
L23,ls2_i_kdnoise05,bb_p,670,direct,670,,3030,0.2651,0.2651,0.9364,0.3697,1.4042,,,0,5,6,3,,,0.5349,ranked
L23,ls2_i_kdnoise10,bb_p,670,direct,670,,3028,0.2554,0.2554,0.9581,0.3801,1.3963,,,0,7,5,8,,,0.5119,ranked
L23,ls2_i_kdnoise20,bb_p,670,direct,670,,3008,0.2322,0.2322,0.9945,0.398,1.3679,,,0,11,3,12,,,0.4749,ranked
L23,ls2_ii,bb_p,670,direct,670,,3035,0.2673,0.2673,0.9474,0.3765,1.4025,,,0,6,7,6,,,0.5275,ranked
L23,ls2_iii,bb_p,670,direct,670,,2924,0.2311,0.2311,0.9103,0.3675,1.3539,,,0,1,2,2,,,0.5823,ranked
L23,ls2_iii_modis,bb_p,670,direct,670,,3034,0.1875,0.1875,0.922,0.3789,1.3044,,,0,2,1,7,,,0.6086,ranked
L23,ls2r_i,bb_p,670,direct,670,,2977,0.3354,0.3354,0.9823,0.3816,1.5235,,,0,8,10,9,,,0.4482,ranked
L23,ls2r_i_ab,bb_p,670,direct,670,,3033,0.3211,0.3211,0.984,0.3751,1.5193,,,0,9,9,5,,,0.4562,ranked
L23,ls2r_ii,bb_p,670,direct,670,,2988,0.4027,0.4027,1.0236,0.3893,1.5728,,,0,12,12,11,,,0.3276,ranked
L23,ls2r_iii,bb_p,670,direct,670,,2885,0.3584,0.3584,0.9872,0.3829,1.5297,,,0,10,11,10,,,0.3906,ranked
