theta_s,tables,a_median_err,bb_median_err,bb_p_median_err,a_nw_median_err,kappa_unavailable,off_grid
0,published,0.0285,0.0895,0.2039,0.0301,0.2528,0.0023
0,published at effective μw,-0.0075,0.0726,0.1613,-0.0283,0.2514,0.0023
0,refit a/bb + published κ,-0.0051,0.0704,0.1417,-0.0212,0.2529,0.0023
0,our LS2 (refit a/bb + κ),-0.0037,0.0388,0.0705,-0.0132,0.0016,0.0023
30,published,0.0229,0.066,0.1501,0.0234,0.2584,0.0023
30,published at effective μw,-0.006,0.0385,0.0873,-0.0215,0.2572,0.0023
30,refit a/bb + published κ,0.0006,0.0233,0.0549,-0.0054,0.2617,0.0023
30,our LS2 (refit a/bb + κ),0.0019,-0.0075,-0.0124,0.0023,0.0016,0.0023
60,published,-0.0046,0.0085,0.0213,-0.0217,0.2521,0.0023
60,published at effective μw,-0.0094,0.0056,0.015,-0.0299,0.2524,0.0023
60,refit a/bb + published κ,-0.0028,0.0174,0.0407,-0.0114,0.2605,0.0023
60,our LS2 (refit a/bb + κ),-0.0013,-0.0137,-0.0249,-0.0043,0.0016,0.0023
