rung,component,scope,n_spectra,n_cells,mae_ls2,mae_bing,bias_ls2,bias_bing,ls2_win_frac,max_truth_mismatch
ls2_i,a,400–750 nm,3309,232180,0.0253,0.0222,0.0243,0.0139,0.322,0.0
ls2_i,a,440 nm,3102,3102,0.0211,0.0588,0.0202,0.0482,0.784,0.0
ls2_i,a_nw,400–750 nm,3307,91748,0.0554,0.1069,0.0472,0.0454,0.738,0.0
ls2_i,a_nw,440 nm,3102,3102,0.0268,0.0747,0.0254,0.0606,0.784,0.0
ls2_i,bb,400–750 nm,3309,222515,0.3485,0.0672,0.1124,0.0414,0.173,0.0
ls2_i,bb,555 nm,3309,3309,0.1318,0.0471,0.0723,0.0229,0.213,0.0
ls2_i,bb_p,400–750 nm,3309,217410,0.5886,0.1351,0.2461,0.0775,0.176,0.0
ls2_i,bb_p,555 nm,3309,3309,0.2856,0.1036,0.1521,0.0566,0.211,0.0
ls2r_i,a,400–750 nm,3309,232180,0.0087,0.0222,-0.0056,0.0139,0.476,0.0
ls2r_i,a,440 nm,3102,3102,0.0126,0.0588,-0.0058,0.0482,0.859,0.0
ls2r_i,a_nw,400–750 nm,3307,91748,0.0354,0.1069,-0.0251,0.0454,0.817,0.0
ls2r_i,a_nw,440 nm,3102,3102,0.0168,0.0747,-0.0087,0.0606,0.859,0.0
ls2r_i,bb,400–750 nm,3309,222515,0.3338,0.0672,0.0724,0.0414,0.25,0.0
ls2r_i,bb,555 nm,3309,3309,0.1125,0.0471,0.0228,0.0229,0.256,0.0
ls2r_i,bb_p,400–750 nm,3309,215250,0.5299,0.1343,0.1409,0.0764,0.255,0.0
ls2r_i,bb_p,555 nm,3302,3302,0.2658,0.1032,0.029,0.0564,0.253,0.0
ls2_iii,a,400–750 nm,3191,226529,0.196,0.0228,-0.0797,0.0146,0.119,0.0
ls2_iii,a,440 nm,3190,3190,0.1619,0.059,0.0332,0.0487,0.224,0.0
ls2_iii,a_nw,400–750 nm,3191,90084,0.3331,0.1067,0.0097,0.0492,0.238,0.0
ls2_iii,a_nw,440 nm,3190,3190,0.216,0.0771,0.0406,0.0634,0.224,0.0
ls2_iii,bb,400–750 nm,3191,217439,0.3767,0.0669,0.0337,0.0409,0.14,0.0
ls2_iii,bb,555 nm,3191,3191,0.1516,0.0469,0.0417,0.0226,0.177,0.0
ls2_iii,bb_p,400–750 nm,3191,210521,0.6825,0.1345,0.1516,0.0763,0.143,0.0
ls2_iii,bb_p,555 nm,3191,3191,0.3338,0.1019,0.0906,0.0552,0.175,0.0
ls2r_iii,a,400–750 nm,3191,226529,0.1984,0.0228,-0.1075,0.0146,0.121,0.0
ls2r_iii,a,440 nm,3190,3190,0.1604,0.059,0.0051,0.0487,0.227,0.0
ls2r_iii,a_nw,400–750 nm,3191,89403,0.3463,0.1061,-0.0592,0.0499,0.235,0.0
ls2r_iii,a_nw,440 nm,3190,3190,0.2153,0.0771,0.0033,0.0634,0.224,0.0
ls2r_iii,bb,400–750 nm,3191,217439,0.3744,0.0669,0.0151,0.0409,0.15,0.0
ls2r_iii,bb,555 nm,3191,3191,0.1442,0.0469,0.0109,0.0226,0.194,0.0
ls2r_iii,bb_p,400–750 nm,3191,208348,0.6663,0.1339,0.0863,0.0757,0.155,0.0
ls2r_iii,bb_p,555 nm,3180,3180,0.3303,0.1015,0.0125,0.0549,0.192,0.0
