wavelength,c3,c2,c1,c0,bb_a_min,bb_a_max
350,-0.535501,0.490677,-0.168126,0.958307,0,0.600509
355,-0.716147,0.654459,-0.226048,0.947367,0,0.598807
360,-0.870445,0.791058,-0.276114,0.939024,0,0.59547
365,-0.879835,0.796463,-0.282372,0.940722,0,0.594431
370,-1.00365,0.907412,-0.327138,0.935417,0,0.592159
375,-0.964258,0.884361,-0.331002,0.93814,0,0.598047
380,-0.903122,0.831842,-0.319846,0.943676,0,0.598712
385,-1.10804,1.01741,-0.394633,0.932483,0.000109309,0.59102
390,-0.945118,0.865075,-0.34423,0.944591,0.000434371,0.587563
395,-1.14153,1.02214,-0.407326,0.937394,0.000928642,0.571815
400,-0.72524,0.632503,-0.255789,0.963672,0.001338,0.557667
405,-0.771308,0.645092,-0.256676,0.965345,0.00186282,0.534963
410,-0.793714,0.638011,-0.250392,0.967332,0.00242251,0.510944
415,-0.939604,0.727331,-0.279402,0.965111,0.00298789,0.489898
420,-1.06324,0.801376,-0.303109,0.963768,0.0035173,0.475729
425,-1.27617,0.89611,-0.325488,0.964417,0.00423532,0.44303
430,-1.61909,1.06337,-0.368433,0.96243,0.00476432,0.414402
435,-1.72034,1.02651,-0.335412,0.969273,0.00458799,0.38009
440,-2.32437,1.18562,-0.347777,0.974734,0.00497451,0.325757
445,-3.08641,1.40004,-0.378407,0.97869,0.00548519,0.281264
450,-3.60513,1.55576,-0.435671,0.980507,0.00629996,0.233815
455,-2.89045,1.42246,-0.454638,0.980671,0.00695239,0.218505
460,-1.5336,1.30122,-0.536459,0.976371,0.00767696,0.208145
465,2.96334,0.387188,-0.55833,0.971956,0.00881957,0.200009
470,10.9857,-1.43649,-0.466646,0.971193,0.00968555,0.190041
475,24.4988,-4.26353,-0.335507,0.970485,0.0105737,0.178206
480,48.8453,-8.68883,-0.176803,0.969626,0.0106872,0.167909
485,73.6896,-12.2443,-0.157311,0.969951,0.0113855,0.160445
490,92.9453,-12.8239,-0.373883,0.979665,0.0120794,0.150412
495,84.2466,-3.41541,-1.43079,1.00639,0.0127605,0.136844
500,-48.0747,35.8448,-4.49064,1.0653,0.0140357,0.125238
505,-614.917,155.809,-11.6272,1.17443,0.0155308,0.111454
510,-1515.85,303.776,-17.8066,1.2136,0.0166714,0.108638
515,-1647.16,288.38,-13.4799,1.05539,0.0174915,0.106479
520,-1115.97,187.603,-7.32228,0.94015,0.0185698,0.110758
525,-724.583,112.794,-2.78368,0.85532,0.0189214,0.114661
530,-418.982,51.4285,0.975713,0.791664,0.0188657,0.116383
535,-220.04,9.98067,3.60374,0.744334,0.0180873,0.116771
540,-67.8908,-21.8588,5.53804,0.71561,0.0172251,0.115356
545,74.3039,-51.4923,7.23489,0.697264,0.016045,0.111363
550,239.988,-83.897,8.96884,0.68088,0.0146143,0.105665
555,369.052,-105.411,9.90315,0.677401,0.0137547,0.102753
560,480.497,-123.109,10.6497,0.67343,0.0130907,0.100293
565,578.516,-137.778,11.1719,0.674979,0.0122112,0.100827
570,748.905,-162.946,12.0722,0.676572,0.0108637,0.100045
575,990.574,-194.676,12.968,0.686396,0.00941605,0.0961192
580,1441.11,-248.799,14.4523,0.694567,0.00780736,0.0885789
585,2401.28,-351.033,17.0877,0.69709,0.00610655,0.0780211
590,4154.98,-518.302,21.3084,0.680487,0.00476581,0.0684057
595,6735.24,-711.64,24.422,0.695339,0.00368333,0.0596682
600,13512,-1134.71,30.4075,0.704664,0.0026391,0.0489044
605,19373.6,-1431.33,33.3846,0.718526,0.00218324,0.0437519
610,21272.2,-1520.27,34.1629,0.722618,0.00205086,0.0426169
615,22804.8,-1588.35,34.6895,0.726266,0.00195463,0.0417124
620,24488.6,-1641.05,34.3157,0.74153,0.0018327,0.0403697
625,27119.5,-1756.61,35.3577,0.744121,0.00171813,0.039206
630,29853.8,-1869.22,36.2074,0.748532,0.00160943,0.0381022
635,33238.1,-2004.95,37.2567,0.752465,0.00150294,0.0368479
640,37294.1,-2172.19,38.8193,0.752561,0.00140501,0.0356318
645,43761.5,-2440.34,41.5572,0.748208,0.00129422,0.034236
650,50793.9,-2714.02,44.049,0.746544,0.00119022,0.0330018
655,68228.8,-3337.69,49.3985,0.741082,0.00104992,0.0303651
660,95106.9,-4095.4,53.3467,0.753761,0.000920836,0.0266886
665,126583,-4916.18,58.2162,0.753575,0.000862463,0.0235605
670,156632,-5626.39,62.1079,0.753114,0.000816778,0.0221858
675,173998,-6021.21,63.9958,0.755426,0.000773174,0.0216388
680,180747,-6208.36,64.7573,0.759908,0.000716467,0.0216263
685,187671,-6552.59,68.3376,0.750379,0.000657627,0.0218067
690,189854,-6776.92,70.6005,0.747904,0.000583421,0.0225209
695,197426,-6961.48,70.1398,0.763191,0.000500813,0.0228952
700,252737,-8273.04,76.411,0.766412,0.000423884,0.0214322
705,347637,-10206.2,83.9451,0.773275,0.000359339,0.0192687
710,553766,-13927.6,97.586,0.776743,0.000292886,0.0165416
715,1.05751e+06,-21995.7,126.985,0.760946,0.000230413,0.0136792
720,2.11159e+06,-36028.3,170.312,0.737081,0.00018089,0.0112227
725,3.70945e+06,-52254.6,203.142,0.743524,0.000143622,0.00928072
730,8.43608e+06,-89782.1,262.607,0.752001,0.000104302,0.0070235
735,1.608e+07,-133916,304.912,0.778108,7.85344e-05,0.0055181
740,2.15706e+07,-161460,329.447,0.786409,6.80872e-05,0.0049785
745,2.21855e+07,-162696,324.112,0.796263,6.42947e-05,0.00488289
750,2.29215e+07,-166343,327.12,0.797966,6.13566e-05,0.0048418
