set,config,kappa_nan_rate,a_median_ratio,a_mae,bb_median_ratio,bb_mae,a_nw_median_ratio,a_nw_mae,bb_p_median_ratio,bb_p_mae
X=1 (elastic ceiling),refit a/bb without κ,0.0,0.9993,0.002,1.0016,0.0058,0.9995,0.0063,1.0029,0.0117
X=2,published a/bb + published κ,0.2517,1.0182,0.0178,1.0446,0.0787,1.018,0.0444,1.085,0.1596
X=2,refit a/bb without κ,0.0,0.9954,0.0085,1.103,0.1058,0.9724,0.0419,1.1915,0.2072
X=2,refit a/bb + published κ,0.2542,0.9978,0.0052,1.0243,0.0461,0.988,0.0261,1.0512,0.0904
X=2,refit a/bb + refit κ,0.0005,0.9989,0.0035,0.9924,0.0257,0.9958,0.0147,0.9844,0.0516
X=4,published a/bb + published κ,0.2544,1.0177,0.0176,1.0632,0.1045,1.0179,0.0444,1.1333,0.1956
X=4,refit a/bb without κ,0.0,0.9942,0.009,1.114,0.1471,0.9723,0.0426,1.2202,0.261
X=4,refit a/bb + published κ,0.2584,0.9974,0.0057,1.0352,0.088,0.988,0.0269,1.078,0.1471
X=4,refit a/bb + refit κ,0.0016,0.9983,0.004,0.9997,0.0657,0.9958,0.0154,0.9993,0.1054
